coin,view,fold,feature,importance
BTC,V2,1,open,1.5075006951579593
BTC,V2,1,high,1.3224089266368777
BTC,V2,1,low,1.4690019223691384
BTC,V2,1,close,2.25864446883349
BTC,V2,1,volume,3.8162455731099882
BTC,V2,1,RET_1D,9.398948247869537
BTC,V2,1,RET_5D,4.107935788737362
BTC,V2,1,RET_20D,4.011814866853857
BTC,V2,1,TECH_RSI14,3.7553431727736797
BTC,V2,1,TECH_RSI30,3.7226986704219978
BTC,V2,1,TECH_MACD,1.6245508414783485
BTC,V2,1,TECH_MACD_SIG,3.086188870178654
BTC,V2,1,TECH_MA5R,3.732070180577531
BTC,V2,1,TECH_MA20R,1.618958699120343
BTC,V2,1,TECH_MA50R,3.5979554022260247
BTC,V2,1,VOL_ATR14,2.3193069528919783
BTC,V2,1,BAND_BB_W,4.10531774647432
BTC,V2,1,BAND_KC_W,3.446123797528123
BTC,V2,1,PX_OBV,3.2994900163289334
BTC,V2,1,VOL_Z20,3.852844571761617
BTC,V2,1,DERIV_OI_D1,3.1541163904545244
BTC,V2,1,DERIV_OI_PCT1,4.6636251677404035
BTC,V2,1,DERIV_FUND_Z7,3.7662279799716223
BTC,V2,1,DERIV_LSR_D1,0.0
BTC,V2,1,FLOW_LIQ_NET,0.6169915290945878
BTC,V2,1,FLOW_LIQ_ABS,1.1376356789411928
BTC,V2,1,FLOW_TAKER_IMB,0.0
BTC,V2,1,EXBAL_PCT_1D,0.0
BTC,V2,1,SENT_FEAR,1.5857210374455595
BTC,V2,1,SENT_D_FEAR,10.662968578744964
BTC,V2,1,WEEK_RET_1W,4.77139283959732
BTC,V2,1,WEEK_RSI_1W,2.890786172672106
BTC,V2,1,WEEK_MA_CROSS_1W,0.697185214007951
BTC,V2,2,open,1.5927413511158877
BTC,V2,2,high,1.6328207714904386
BTC,V2,2,low,2.2719909113387913
BTC,V2,2,close,1.7987942682436013
BTC,V2,2,volume,3.8381764060961
BTC,V2,2,RET_1D,6.757803659837458
BTC,V2,2,RET_5D,4.392040806012729
BTC,V2,2,RET_20D,4.09616834562117
BTC,V2,2,TECH_RSI14,4.0297308466453305
BTC,V2,2,TECH_RSI30,3.7194666295292786
BTC,V2,2,TECH_MACD,1.8412862543856368
BTC,V2,2,TECH_MACD_SIG,2.1624705580158485
BTC,V2,2,TECH_MA5R,4.14285908734703
BTC,V2,2,TECH_MA20R,2.3873570304247824
BTC,V2,2,TECH_MA50R,3.1457021737163773
BTC,V2,2,VOL_ATR14,2.826884827049314
BTC,V2,2,BAND_BB_W,4.115231830687182
BTC,V2,2,BAND_KC_W,4.360452232207665
BTC,V2,2,PX_OBV,4.122248887758813
BTC,V2,2,VOL_Z20,3.017385458608501
BTC,V2,2,DERIV_OI_D1,3.055016503043379
BTC,V2,2,DERIV_OI_PCT1,3.6690719399859115
BTC,V2,2,DERIV_FUND_Z7,3.8128507965846037
BTC,V2,2,DERIV_LSR_D1,0.0
BTC,V2,2,FLOW_LIQ_NET,2.0494988046574822
BTC,V2,2,FLOW_LIQ_ABS,1.8818177016377262
BTC,V2,2,FLOW_TAKER_IMB,0.0
BTC,V2,2,EXBAL_PCT_1D,0.0
BTC,V2,2,SENT_FEAR,2.3173983698861513
BTC,V2,2,SENT_D_FEAR,9.531549926560823
BTC,V2,2,WEEK_RET_1W,3.7754489366977926
BTC,V2,2,WEEK_RSI_1W,3.1737892080050982
BTC,V2,2,WEEK_MA_CROSS_1W,0.4819454768091122
BTC,V2,3,open,1.7652544730644588
BTC,V2,3,high,1.3767153306383042
BTC,V2,3,low,1.4029621982726737
BTC,V2,3,close,1.2278266228829295
BTC,V2,3,volume,5.380406200464486
BTC,V2,3,RET_1D,8.193989615655973
BTC,V2,3,RET_5D,4.691221572498372
BTC,V2,3,RET_20D,3.6506965891134935
BTC,V2,3,TECH_RSI14,3.77291869065024
BTC,V2,3,TECH_RSI30,2.7489630853612157
BTC,V2,3,TECH_MACD,1.475771337853025
BTC,V2,3,TECH_MACD_SIG,2.2341860685373556
BTC,V2,3,TECH_MA5R,4.033197617714373
BTC,V2,3,TECH_MA20R,2.5305986615845444
BTC,V2,3,TECH_MA50R,3.103296672469127
BTC,V2,3,VOL_ATR14,2.458256105271913
BTC,V2,3,BAND_BB_W,4.70080929917053
BTC,V2,3,BAND_KC_W,3.705551772701315
BTC,V2,3,PX_OBV,3.3937162269448518
BTC,V2,3,VOL_Z20,3.5683170277294325
BTC,V2,3,DERIV_OI_D1,3.56412252029462
BTC,V2,3,DERIV_OI_PCT1,2.8544217880837266
BTC,V2,3,DERIV_FUND_Z7,4.682801093007677
BTC,V2,3,DERIV_LSR_D1,0.0
BTC,V2,3,FLOW_LIQ_NET,3.016982623533112
BTC,V2,3,FLOW_LIQ_ABS,2.0780041307508013
BTC,V2,3,FLOW_TAKER_IMB,0.0
BTC,V2,3,EXBAL_PCT_1D,1.1502766260363544
BTC,V2,3,SENT_FEAR,2.7951912415742415
BTC,V2,3,SENT_D_FEAR,7.086912581297262
BTC,V2,3,WEEK_RET_1W,4.023185852955248
BTC,V2,3,WEEK_RSI_1W,2.7465434802398314
BTC,V2,3,WEEK_MA_CROSS_1W,0.5869028936485329
BTC,V3,1,open,1.5075006951579593
BTC,V3,1,high,1.3224089266368777
BTC,V3,1,low,1.4690019223691384
BTC,V3,1,close,2.25864446883349
BTC,V3,1,volume,3.8162455731099882
BTC,V3,1,RET_1D,9.398948247869537
BTC,V3,1,RET_5D,4.107935788737362
BTC,V3,1,RET_20D,4.011814866853857
BTC,V3,1,TECH_RSI14,3.7553431727736797
BTC,V3,1,TECH_RSI30,3.7226986704219978
BTC,V3,1,TECH_MACD,1.6245508414783485
BTC,V3,1,TECH_MACD_SIG,3.086188870178654
BTC,V3,1,TECH_MA5R,3.732070180577531
BTC,V3,1,TECH_MA20R,1.618958699120343
BTC,V3,1,TECH_MA50R,3.5979554022260247
BTC,V3,1,VOL_ATR14,2.3193069528919783
BTC,V3,1,BAND_BB_W,4.10531774647432
BTC,V3,1,BAND_KC_W,3.446123797528123
BTC,V3,1,PX_OBV,3.2994900163289334
BTC,V3,1,VOL_Z20,3.852844571761617
BTC,V3,1,DERIV_OI_D1,3.1541163904545244
BTC,V3,1,DERIV_OI_PCT1,4.6636251677404035
BTC,V3,1,DERIV_FUND_Z7,3.7662279799716223
BTC,V3,1,DERIV_LSR_D1,0.0
BTC,V3,1,FLOW_LIQ_NET,0.6169915290945878
BTC,V3,1,FLOW_LIQ_ABS,1.1376356789411928
BTC,V3,1,FLOW_TAKER_IMB,0.0
BTC,V3,1,EXBAL_PCT_1D,0.0
BTC,V3,1,SENT_FEAR,1.5857210374455595
BTC,V3,1,SENT_D_FEAR,10.662968578744964
BTC,V3,1,WEEK_RET_1W,4.77139283959732
BTC,V3,1,WEEK_RSI_1W,2.890786172672106
BTC,V3,1,WEEK_MA_CROSS_1W,0.697185214007951
BTC,V3,2,open,1.5927413511158877
BTC,V3,2,high,1.6328207714904386
BTC,V3,2,low,2.2719909113387913
BTC,V3,2,close,1.7987942682436013
BTC,V3,2,volume,3.8381764060961
BTC,V3,2,RET_1D,6.757803659837458
BTC,V3,2,RET_5D,4.392040806012729
BTC,V3,2,RET_20D,4.09616834562117
BTC,V3,2,TECH_RSI14,4.0297308466453305
BTC,V3,2,TECH_RSI30,3.7194666295292786
BTC,V3,2,TECH_MACD,1.8412862543856368
BTC,V3,2,TECH_MACD_SIG,2.1624705580158485
BTC,V3,2,TECH_MA5R,4.14285908734703
BTC,V3,2,TECH_MA20R,2.3873570304247824
BTC,V3,2,TECH_MA50R,3.1457021737163773
BTC,V3,2,VOL_ATR14,2.826884827049314
BTC,V3,2,BAND_BB_W,4.115231830687182
BTC,V3,2,BAND_KC_W,4.360452232207665
BTC,V3,2,PX_OBV,4.122248887758813
BTC,V3,2,VOL_Z20,3.017385458608501
BTC,V3,2,DERIV_OI_D1,3.055016503043379
BTC,V3,2,DERIV_OI_PCT1,3.6690719399859115
BTC,V3,2,DERIV_FUND_Z7,3.8128507965846037
BTC,V3,2,DERIV_LSR_D1,0.0
BTC,V3,2,FLOW_LIQ_NET,2.0494988046574822
BTC,V3,2,FLOW_LIQ_ABS,1.8818177016377262
BTC,V3,2,FLOW_TAKER_IMB,0.0
BTC,V3,2,EXBAL_PCT_1D,0.0
BTC,V3,2,SENT_FEAR,2.3173983698861513
BTC,V3,2,SENT_D_FEAR,9.531549926560823
BTC,V3,2,WEEK_RET_1W,3.7754489366977926
BTC,V3,2,WEEK_RSI_1W,3.1737892080050982
BTC,V3,2,WEEK_MA_CROSS_1W,0.4819454768091122
BTC,V3,3,open,1.7652544730644588
BTC,V3,3,high,1.3767153306383042
BTC,V3,3,low,1.4029621982726737
BTC,V3,3,close,1.2278266228829295
BTC,V3,3,volume,5.380406200464486
BTC,V3,3,RET_1D,8.193989615655973
BTC,V3,3,RET_5D,4.691221572498372
BTC,V3,3,RET_20D,3.6506965891134935
BTC,V3,3,TECH_RSI14,3.77291869065024
BTC,V3,3,TECH_RSI30,2.7489630853612157
BTC,V3,3,TECH_MACD,1.475771337853025
BTC,V3,3,TECH_MACD_SIG,2.2341860685373556
BTC,V3,3,TECH_MA5R,4.033197617714373
BTC,V3,3,TECH_MA20R,2.5305986615845444
BTC,V3,3,TECH_MA50R,3.103296672469127
BTC,V3,3,VOL_ATR14,2.458256105271913
BTC,V3,3,BAND_BB_W,4.70080929917053
BTC,V3,3,BAND_KC_W,3.705551772701315
BTC,V3,3,PX_OBV,3.3937162269448518
BTC,V3,3,VOL_Z20,3.5683170277294325
BTC,V3,3,DERIV_OI_D1,3.56412252029462
BTC,V3,3,DERIV_OI_PCT1,2.8544217880837266
BTC,V3,3,DERIV_FUND_Z7,4.682801093007677
BTC,V3,3,DERIV_LSR_D1,0.0
BTC,V3,3,FLOW_LIQ_NET,3.016982623533112
BTC,V3,3,FLOW_LIQ_ABS,2.0780041307508013
BTC,V3,3,FLOW_TAKER_IMB,0.0
BTC,V3,3,EXBAL_PCT_1D,1.1502766260363544
BTC,V3,3,SENT_FEAR,2.7951912415742415
BTC,V3,3,SENT_D_FEAR,7.086912581297262
BTC,V3,3,WEEK_RET_1W,4.023185852955248
BTC,V3,3,WEEK_RSI_1W,2.7465434802398314
BTC,V3,3,WEEK_MA_CROSS_1W,0.5869028936485329
BTC,V4,1,open,0.027692610397934914
BTC,V4,1,high,0.03624524921178818
BTC,V4,1,low,0.03242772817611694
BTC,V4,1,close,0.03364887088537216
BTC,V4,1,volume,0.03369245305657387
BTC,V4,1,RET_1D,0.031723473221063614
BTC,V4,1,RET_5D,0.027658771723508835
BTC,V4,1,RET_20D,0.03762686997652054
BTC,V4,1,TECH_RSI14,0.0383475087583065
BTC,V4,1,TECH_RSI30,0.04832147806882858
BTC,V4,1,TECH_MACD,0.025948645547032356
BTC,V4,1,TECH_MACD_SIG,0.03113454207777977
BTC,V4,1,TECH_MA5R,0.03282354027032852
BTC,V4,1,TECH_MA20R,0.04188176617026329
BTC,V4,1,TECH_MA50R,0.03188168630003929
BTC,V4,1,VOL_ATR14,0.03021113947033882
BTC,V4,1,BAND_BB_W,0.032803576439619064
BTC,V4,1,BAND_KC_W,0.02967776358127594
BTC,V4,1,PX_OBV,0.037566911429166794
BTC,V4,1,VOL_Z20,0.02746441215276718
BTC,V4,1,DERIV_OI_D1,0.03462949022650719
BTC,V4,1,DERIV_OI_PCT1,0.0433674231171608
BTC,V4,1,DERIV_FUND_Z7,0.031592004001140594
BTC,V4,1,DERIV_LSR_D1,0.0
BTC,V4,1,FLOW_LIQ_NET,0.032218340784311295
BTC,V4,1,FLOW_LIQ_ABS,0.029327578842639923
BTC,V4,1,FLOW_TAKER_IMB,0.0
BTC,V4,1,EXBAL_PCT_1D,0.031576596200466156
BTC,V4,1,SENT_FEAR,0.03265313804149628
BTC,V4,1,SENT_D_FEAR,0.023242011666297913
BTC,V4,1,WEEK_RET_1W,0.028857655823230743
BTC,V4,1,WEEK_RSI_1W,0.03768521547317505
BTC,V4,1,WEEK_MA_CROSS_1W,0.006071517243981361
BTC,V4,2,open,0.029335180297493935
BTC,V4,2,high,0.03575289249420166
BTC,V4,2,low,0.03354809433221817
BTC,V4,2,close,0.03956680744886398
BTC,V4,2,volume,0.03565187007188797
BTC,V4,2,RET_1D,0.028521746397018433
BTC,V4,2,RET_5D,0.02682643011212349
BTC,V4,2,RET_20D,0.031103039160370827
BTC,V4,2,TECH_RSI14,0.03482208773493767
BTC,V4,2,TECH_RSI30,0.04744384065270424
BTC,V4,2,TECH_MACD,0.03333161398768425
BTC,V4,2,TECH_MACD_SIG,0.02817130647599697
BTC,V4,2,TECH_MA5R,0.0287798885256052
BTC,V4,2,TECH_MA20R,0.03891078755259514
BTC,V4,2,TECH_MA50R,0.03427010029554367
BTC,V4,2,VOL_ATR14,0.033698879182338715
BTC,V4,2,BAND_BB_W,0.03143216297030449
BTC,V4,2,BAND_KC_W,0.03204543516039848
BTC,V4,2,PX_OBV,0.040516313165426254
BTC,V4,2,VOL_Z20,0.027127793058753014
BTC,V4,2,DERIV_OI_D1,0.026623155921697617
BTC,V4,2,DERIV_OI_PCT1,0.0314975343644619
BTC,V4,2,DERIV_FUND_Z7,0.03362264111638069
BTC,V4,2,DERIV_LSR_D1,0.0
BTC,V4,2,FLOW_LIQ_NET,0.03241270035505295
BTC,V4,2,FLOW_LIQ_ABS,0.02989743836224079
BTC,V4,2,FLOW_TAKER_IMB,0.0
BTC,V4,2,EXBAL_PCT_1D,0.031416963785886765
BTC,V4,2,SENT_FEAR,0.0292978473007679
BTC,V4,2,SENT_D_FEAR,0.03240102529525757
BTC,V4,2,WEEK_RET_1W,0.026650896295905113
BTC,V4,2,WEEK_RSI_1W,0.0313112847507
BTC,V4,2,WEEK_MA_CROSS_1W,0.024012230336666107
ETH,V1,1,open,0.03637515380978584
ETH,V1,1,high,0.03608427941799164
ETH,V1,1,low,0.04376717284321785
ETH,V1,1,close,0.03339286521077156
ETH,V1,1,volume,0.05328737199306488
ETH,V1,1,RET_1D,0.05229487642645836
ETH,V1,1,RET_5D,0.0359947569668293
ETH,V1,1,RET_20D,0.037100423127412796
ETH,V1,1,TECH_RSI14,0.04422074928879738
ETH,V1,1,TECH_RSI30,0.04422920197248459
ETH,V1,1,TECH_MACD,0.04034603014588356
ETH,V1,1,TECH_MACD_SIG,0.03436305746436119
ETH,V1,1,TECH_MA5R,0.03854072093963623
ETH,V1,1,TECH_MA20R,0.04143423214554787
ETH,V1,1,TECH_MA50R,0.040641456842422485
ETH,V1,1,VOL_ATR14,0.04237385839223862
ETH,V1,1,BAND_BB_W,0.041892241686582565
ETH,V1,1,BAND_KC_W,0.03628426045179367
ETH,V1,1,PX_OBV,0.046651676297187805
ETH,V1,1,VOL_Z20,0.03205907344818115
ETH,V1,1,DERIV_OI_D1,0.0
ETH,V1,1,DERIV_OI_PCT1,0.0
ETH,V1,1,DERIV_FUND_Z7,0.0
ETH,V1,1,DERIV_LSR_D1,0.0
ETH,V1,1,FLOW_LIQ_NET,0.0
ETH,V1,1,FLOW_LIQ_ABS,0.0
ETH,V1,1,FLOW_TAKER_IMB,0.0
ETH,V1,1,EXBAL_PCT_1D,0.0
ETH,V1,1,SENT_FEAR,0.0382569245994091
ETH,V1,1,SENT_D_FEAR,0.0395524688065052
ETH,V1,1,WEEK_RET_1W,0.03547247126698494
ETH,V1,1,WEEK_RSI_1W,0.04278281331062317
ETH,V1,1,WEEK_MA_CROSS_1W,0.03260187804698944
ETH,V1,2,open,0.033409204334020615
ETH,V1,2,high,0.03372752666473389
ETH,V1,2,low,0.03633928671479225
ETH,V1,2,close,0.03258538991212845
ETH,V1,2,volume,0.03863123804330826
ETH,V1,2,RET_1D,0.03759780898690224
ETH,V1,2,RET_5D,0.031698811799287796
ETH,V1,2,RET_20D,0.029104819521307945
ETH,V1,2,TECH_RSI14,0.029654692858457565
ETH,V1,2,TECH_RSI30,0.033710166811943054
ETH,V1,2,TECH_MACD,0.03272734582424164
ETH,V1,2,TECH_MACD_SIG,0.03116682730615139
ETH,V1,2,TECH_MA5R,0.03337782248854637
ETH,V1,2,TECH_MA20R,0.033735986799001694
ETH,V1,2,TECH_MA50R,0.03281152993440628
ETH,V1,2,VOL_ATR14,0.03290719911456108
ETH,V1,2,BAND_BB_W,0.03545881807804108
ETH,V1,2,BAND_KC_W,0.030593333765864372
ETH,V1,2,PX_OBV,0.038806308060884476
ETH,V1,2,VOL_Z20,0.033635444939136505
ETH,V1,2,DERIV_OI_D1,0.0329180546104908
ETH,V1,2,DERIV_OI_PCT1,0.033587124198675156
ETH,V1,2,DERIV_FUND_Z7,0.03213215619325638
ETH,V1,2,DERIV_LSR_D1,0.0
ETH,V1,2,FLOW_LIQ_NET,0.031590793281793594
ETH,V1,2,FLOW_LIQ_ABS,0.031531400978565216
ETH,V1,2,FLOW_TAKER_IMB,0.0
ETH,V1,2,EXBAL_PCT_1D,0.0
ETH,V1,2,SENT_FEAR,0.032481566071510315
ETH,V1,2,SENT_D_FEAR,0.03371484950184822
ETH,V1,2,WEEK_RET_1W,0.029500894248485565
ETH,V1,2,WEEK_RSI_1W,0.03199842944741249
ETH,V1,2,WEEK_MA_CROSS_1W,0.03886512294411659
ETH,V1,3,open,0.03297073394060135
ETH,V1,3,high,0.02931896410882473
ETH,V1,3,low,0.030067535117268562
ETH,V1,3,close,0.03631441295146942
ETH,V1,3,volume,0.03555943816900253
ETH,V1,3,RET_1D,0.03659963235259056
ETH,V1,3,RET_5D,0.03504417836666107
ETH,V1,3,RET_20D,0.03005431964993477
ETH,V1,3,TECH_RSI14,0.02799089439213276
ETH,V1,3,TECH_RSI30,0.03246881812810898
ETH,V1,3,TECH_MACD,0.02982828952372074
ETH,V1,3,TECH_MACD_SIG,0.03166128322482109
ETH,V1,3,TECH_MA5R,0.03369832783937454
ETH,V1,3,TECH_MA20R,0.03631732612848282
ETH,V1,3,TECH_MA50R,0.030316036194562912
ETH,V1,3,VOL_ATR14,0.03367525711655617
ETH,V1,3,BAND_BB_W,0.030734747648239136
ETH,V1,3,BAND_KC_W,0.02941097505390644
ETH,V1,3,PX_OBV,0.033236995339393616
ETH,V1,3,VOL_Z20,0.033975888043642044
ETH,V1,3,DERIV_OI_D1,0.031202828511595726
ETH,V1,3,DERIV_OI_PCT1,0.03578614816069603
ETH,V1,3,DERIV_FUND_Z7,0.030613522976636887
ETH,V1,3,DERIV_LSR_D1,0.0
ETH,V1,3,FLOW_LIQ_NET,0.028489749878644943
ETH,V1,3,FLOW_LIQ_ABS,0.033540140837430954
ETH,V1,3,FLOW_TAKER_IMB,0.0
ETH,V1,3,EXBAL_PCT_1D,0.029860107228159904
ETH,V1,3,SENT_FEAR,0.03368255868554115
ETH,V1,3,SENT_D_FEAR,0.032703615725040436
ETH,V1,3,WEEK_RET_1W,0.033684514462947845
ETH,V1,3,WEEK_RSI_1W,0.032484181225299835
ETH,V1,3,WEEK_MA_CROSS_1W,0.02870861440896988
ETH,V2,1,open,1.5103144629630663
ETH,V2,1,high,1.5830310482930783
ETH,V2,1,low,1.5238690756331128
ETH,V2,1,close,1.7430982165277906
ETH,V2,1,volume,3.4123367349712126
ETH,V2,1,RET_1D,7.057595461419672
ETH,V2,1,RET_5D,6.362724091287125
ETH,V2,1,RET_20D,3.7964059179338956
ETH,V2,1,TECH_RSI14,4.5095743267287425
ETH,V2,1,TECH_RSI30,2.77693079571084
ETH,V2,1,TECH_MACD,2.1707701674696436
ETH,V2,1,TECH_MACD_SIG,3.00870682617364
ETH,V2,1,TECH_MA5R,3.5476265982373443
ETH,V2,1,TECH_MA20R,1.942132590283432
ETH,V2,1,TECH_MA50R,2.4334908817242
ETH,V2,1,VOL_ATR14,2.7579683251084846
ETH,V2,1,BAND_BB_W,3.928454549907332
ETH,V2,1,BAND_KC_W,2.842624923642438
ETH,V2,1,PX_OBV,3.1115150748556237
ETH,V2,1,VOL_Z20,7.670470086498402
ETH,V2,1,DERIV_OI_D1,3.2128503138538704
ETH,V2,1,DERIV_OI_PCT1,5.164745155627286
ETH,V2,1,DERIV_FUND_Z7,6.244696797635709
ETH,V2,1,DERIV_LSR_D1,0.0
ETH,V2,1,FLOW_LIQ_NET,1.1357441175726972
ETH,V2,1,FLOW_LIQ_ABS,1.6676695432965087
ETH,V2,1,FLOW_TAKER_IMB,0.0
ETH,V2,1,EXBAL_PCT_1D,0.0
ETH,V2,1,SENT_FEAR,2.590816121346763
ETH,V2,1,SENT_D_FEAR,4.246953835148794
ETH,V2,1,WEEK_RET_1W,4.559680198271591
ETH,V2,1,WEEK_RSI_1W,3.0758161037856784
ETH,V2,1,WEEK_MA_CROSS_1W,0.4113876580920282
ETH,V2,2,open,1.5576946779206373
ETH,V2,2,high,1.4276244098086777
ETH,V2,2,low,1.5973461002510412
ETH,V2,2,close,1.9515276329851956
ETH,V2,2,volume,3.319543359646841
ETH,V2,2,RET_1D,6.64117912418228
ETH,V2,2,RET_5D,4.915906377999682
ETH,V2,2,RET_20D,2.0509889117636284
ETH,V2,2,TECH_RSI14,4.036593059857654
ETH,V2,2,TECH_RSI30,4.276112161358736
ETH,V2,2,TECH_MACD,2.4461980880947864
ETH,V2,2,TECH_MACD_SIG,2.074534563054426
ETH,V2,2,TECH_MA5R,4.382576102533832
ETH,V2,2,TECH_MA20R,2.466862117939929
ETH,V2,2,TECH_MA50R,2.1426019211483553
ETH,V2,2,VOL_ATR14,3.2513915657845693
ETH,V2,2,BAND_BB_W,3.0724831414375067
ETH,V2,2,BAND_KC_W,3.7545291034159565
ETH,V2,2,PX_OBV,2.3856913188024893
ETH,V2,2,VOL_Z20,5.972828042360876
ETH,V2,2,DERIV_OI_D1,4.016455068437745
ETH,V2,2,DERIV_OI_PCT1,5.005906869609804
ETH,V2,2,DERIV_FUND_Z7,5.57376984256915
ETH,V2,2,DERIV_LSR_D1,0.0
ETH,V2,2,FLOW_LIQ_NET,2.4891117629800252
ETH,V2,2,FLOW_LIQ_ABS,3.0887348439645583
ETH,V2,2,FLOW_TAKER_IMB,0.0
ETH,V2,2,EXBAL_PCT_1D,0.0
ETH,V2,2,SENT_FEAR,2.502009451028865
ETH,V2,2,SENT_D_FEAR,5.210568791526177
ETH,V2,2,WEEK_RET_1W,4.579352348125811
ETH,V2,2,WEEK_RSI_1W,3.3450570202776926
ETH,V2,2,WEEK_MA_CROSS_1W,0.4648222211330796
ETH,V2,3,open,2.1009960132619176
ETH,V2,3,high,1.7247828951383086
ETH,V2,3,low,1.2338769178381994
ETH,V2,3,close,1.4633914226395466
ETH,V2,3,volume,3.44421096858541
ETH,V2,3,RET_1D,6.047012707958806
ETH,V2,3,RET_5D,4.716570974491504
ETH,V2,3,RET_20D,2.0908795543743746
ETH,V2,3,TECH_RSI14,4.050310986451295
ETH,V2,3,TECH_RSI30,3.6478766827697306
ETH,V2,3,TECH_MACD,1.9411261219494078
ETH,V2,3,TECH_MACD_SIG,2.5904546417532752
ETH,V2,3,TECH_MA5R,3.9958795318107407
ETH,V2,3,TECH_MA20R,3.0840548345985996
ETH,V2,3,TECH_MA50R,2.2792797298253324
ETH,V2,3,VOL_ATR14,2.197611349633204
ETH,V2,3,BAND_BB_W,3.039868418732686
ETH,V2,3,BAND_KC_W,3.287090167777162
ETH,V2,3,PX_OBV,2.2729104908220177
ETH,V2,3,VOL_Z20,5.3910042918664205
ETH,V2,3,DERIV_OI_D1,3.6129882763759857
ETH,V2,3,DERIV_OI_PCT1,4.729458864441511
ETH,V2,3,DERIV_FUND_Z7,6.106357178056874
ETH,V2,3,DERIV_LSR_D1,0.0
ETH,V2,3,FLOW_LIQ_NET,3.5749716692065707
ETH,V2,3,FLOW_LIQ_ABS,4.00707702024076
ETH,V2,3,FLOW_TAKER_IMB,0.0
ETH,V2,3,EXBAL_PCT_1D,1.0811938190095691
ETH,V2,3,SENT_FEAR,3.243670064345608
ETH,V2,3,SENT_D_FEAR,4.457595908159972
ETH,V2,3,WEEK_RET_1W,4.057464690995368
ETH,V2,3,WEEK_RSI_1W,4.110726133954533
ETH,V2,3,WEEK_MA_CROSS_1W,0.4193076729353191
ETH,V3,1,open,1.5103144629630663
ETH,V3,1,high,1.5830310482930783
ETH,V3,1,low,1.5238690756331128
ETH,V3,1,close,1.7430982165277906
ETH,V3,1,volume,3.4123367349712126
ETH,V3,1,RET_1D,7.057595461419672
ETH,V3,1,RET_5D,6.362724091287125
ETH,V3,1,RET_20D,3.7964059179338956
ETH,V3,1,TECH_RSI14,4.5095743267287425
ETH,V3,1,TECH_RSI30,2.77693079571084
ETH,V3,1,TECH_MACD,2.1707701674696436
ETH,V3,1,TECH_MACD_SIG,3.00870682617364
ETH,V3,1,TECH_MA5R,3.5476265982373443
ETH,V3,1,TECH_MA20R,1.942132590283432
ETH,V3,1,TECH_MA50R,2.4334908817242
ETH,V3,1,VOL_ATR14,2.7579683251084846
ETH,V3,1,BAND_BB_W,3.928454549907332
ETH,V3,1,BAND_KC_W,2.842624923642438
ETH,V3,1,PX_OBV,3.1115150748556237
ETH,V3,1,VOL_Z20,7.670470086498402
ETH,V3,1,DERIV_OI_D1,3.2128503138538704
ETH,V3,1,DERIV_OI_PCT1,5.164745155627286
ETH,V3,1,DERIV_FUND_Z7,6.244696797635709
ETH,V3,1,DERIV_LSR_D1,0.0
ETH,V3,1,FLOW_LIQ_NET,1.1357441175726972
ETH,V3,1,FLOW_LIQ_ABS,1.6676695432965087
ETH,V3,1,FLOW_TAKER_IMB,0.0
ETH,V3,1,EXBAL_PCT_1D,0.0
ETH,V3,1,SENT_FEAR,2.590816121346763
ETH,V3,1,SENT_D_FEAR,4.246953835148794
ETH,V3,1,WEEK_RET_1W,4.559680198271591
ETH,V3,1,WEEK_RSI_1W,3.0758161037856784
ETH,V3,1,WEEK_MA_CROSS_1W,0.4113876580920282
ETH,V3,2,open,1.5576946779206373
ETH,V3,2,high,1.4276244098086777
ETH,V3,2,low,1.5973461002510412
ETH,V3,2,close,1.9515276329851956
ETH,V3,2,volume,3.319543359646841
ETH,V3,2,RET_1D,6.64117912418228
ETH,V3,2,RET_5D,4.915906377999682
ETH,V3,2,RET_20D,2.0509889117636284
ETH,V3,2,TECH_RSI14,4.036593059857654
ETH,V3,2,TECH_RSI30,4.276112161358736
ETH,V3,2,TECH_MACD,2.4461980880947864
ETH,V3,2,TECH_MACD_SIG,2.074534563054426
ETH,V3,2,TECH_MA5R,4.382576102533832
ETH,V3,2,TECH_MA20R,2.466862117939929
ETH,V3,2,TECH_MA50R,2.1426019211483553
ETH,V3,2,VOL_ATR14,3.2513915657845693
ETH,V3,2,BAND_BB_W,3.0724831414375067
ETH,V3,2,BAND_KC_W,3.7545291034159565
ETH,V3,2,PX_OBV,2.3856913188024893
ETH,V3,2,VOL_Z20,5.972828042360876
ETH,V3,2,DERIV_OI_D1,4.016455068437745
ETH,V3,2,DERIV_OI_PCT1,5.005906869609804
ETH,V3,2,DERIV_FUND_Z7,5.57376984256915
ETH,V3,2,DERIV_LSR_D1,0.0
ETH,V3,2,FLOW_LIQ_NET,2.4891117629800252
ETH,V3,2,FLOW_LIQ_ABS,3.0887348439645583
ETH,V3,2,FLOW_TAKER_IMB,0.0
ETH,V3,2,EXBAL_PCT_1D,0.0
ETH,V3,2,SENT_FEAR,2.502009451028865
ETH,V3,2,SENT_D_FEAR,5.210568791526177
ETH,V3,2,WEEK_RET_1W,4.579352348125811
ETH,V3,2,WEEK_RSI_1W,3.3450570202776926
ETH,V3,2,WEEK_MA_CROSS_1W,0.4648222211330796
ETH,V3,3,open,2.1009960132619176
ETH,V3,3,high,1.7247828951383086
ETH,V3,3,low,1.2338769178381994
ETH,V3,3,close,1.4633914226395466
ETH,V3,3,volume,3.44421096858541
ETH,V3,3,RET_1D,6.047012707958806
ETH,V3,3,RET_5D,4.716570974491504
ETH,V3,3,RET_20D,2.0908795543743746
ETH,V3,3,TECH_RSI14,4.050310986451295
ETH,V3,3,TECH_RSI30,3.6478766827697306
ETH,V3,3,TECH_MACD,1.9411261219494078
ETH,V3,3,TECH_MACD_SIG,2.5904546417532752
ETH,V3,3,TECH_MA5R,3.9958795318107407
ETH,V3,3,TECH_MA20R,3.0840548345985996
ETH,V3,3,TECH_MA50R,2.2792797298253324
ETH,V3,3,VOL_ATR14,2.197611349633204
ETH,V3,3,BAND_BB_W,3.039868418732686
ETH,V3,3,BAND_KC_W,3.287090167777162
ETH,V3,3,PX_OBV,2.2729104908220177
ETH,V3,3,VOL_Z20,5.3910042918664205
ETH,V3,3,DERIV_OI_D1,3.6129882763759857
ETH,V3,3,DERIV_OI_PCT1,4.729458864441511
ETH,V3,3,DERIV_FUND_Z7,6.106357178056874
ETH,V3,3,DERIV_LSR_D1,0.0
ETH,V3,3,FLOW_LIQ_NET,3.5749716692065707
ETH,V3,3,FLOW_LIQ_ABS,4.00707702024076
ETH,V3,3,FLOW_TAKER_IMB,0.0
ETH,V3,3,EXBAL_PCT_1D,1.0811938190095691
ETH,V3,3,SENT_FEAR,3.243670064345608
ETH,V3,3,SENT_D_FEAR,4.457595908159972
ETH,V3,3,WEEK_RET_1W,4.057464690995368
ETH,V3,3,WEEK_RSI_1W,4.110726133954533
ETH,V3,3,WEEK_MA_CROSS_1W,0.4193076729353191
ETH,V4,1,open,0.02579222247004509
ETH,V4,1,high,0.032461732625961304
ETH,V4,1,low,0.029921159148216248
ETH,V4,1,close,0.028962671756744385
ETH,V4,1,volume,0.04084067791700363
ETH,V4,1,RET_1D,0.03253035992383957
ETH,V4,1,RET_5D,0.029907045885920525
ETH,V4,1,RET_20D,0.035472966730594635
ETH,V4,1,TECH_RSI14,0.029205556958913803
ETH,V4,1,TECH_RSI30,0.03639332205057144
ETH,V4,1,TECH_MACD,0.031178755685687065
ETH,V4,1,TECH_MACD_SIG,0.02726215496659279
ETH,V4,1,TECH_MA5R,0.03936566039919853
ETH,V4,1,TECH_MA20R,0.02966034784913063
ETH,V4,1,TECH_MA50R,0.026125792413949966
ETH,V4,1,VOL_ATR14,0.030989592894911766
ETH,V4,1,BAND_BB_W,0.03983258828520775
ETH,V4,1,BAND_KC_W,0.03692813962697983
ETH,V4,1,PX_OBV,0.03318085893988609
ETH,V4,1,VOL_Z20,0.031044576317071915
ETH,V4,1,DERIV_OI_D1,0.039161309599876404
ETH,V4,1,DERIV_OI_PCT1,0.03482303023338318
ETH,V4,1,DERIV_FUND_Z7,0.035820625722408295
ETH,V4,1,DERIV_LSR_D1,0.0
ETH,V4,1,FLOW_LIQ_NET,0.04453079402446747
ETH,V4,1,FLOW_LIQ_ABS,0.03875289857387543
ETH,V4,1,FLOW_TAKER_IMB,0.0
ETH,V4,1,EXBAL_PCT_1D,0.032905444502830505
ETH,V4,1,SENT_FEAR,0.02491127885878086
ETH,V4,1,SENT_D_FEAR,0.0329292006790638
ETH,V4,1,WEEK_RET_1W,0.03458776697516441
ETH,V4,1,WEEK_RSI_1W,0.02463221549987793
ETH,V4,1,WEEK_MA_CROSS_1W,0.009889233857393265
ETH,V4,2,open,0.033454928547143936
ETH,V4,2,high,0.02730735018849373
ETH,V4,2,low,0.035047128796577454
ETH,V4,2,close,0.03384431079030037
ETH,V4,2,volume,0.030417120084166527
ETH,V4,2,RET_1D,0.03450937196612358
ETH,V4,2,RET_5D,0.031138738617300987
ETH,V4,2,RET_20D,0.03237032890319824
ETH,V4,2,TECH_RSI14,0.03274834156036377
ETH,V4,2,TECH_RSI30,0.028951061889529228
ETH,V4,2,TECH_MACD,0.03162898123264313
ETH,V4,2,TECH_MACD_SIG,0.024383196607232094
ETH,V4,2,TECH_MA5R,0.03415437042713165
ETH,V4,2,TECH_MA20R,0.031472448259592056
ETH,V4,2,TECH_MA50R,0.02844832092523575
ETH,V4,2,VOL_ATR14,0.029002917930483818
ETH,V4,2,BAND_BB_W,0.032925255596637726
ETH,V4,2,BAND_KC_W,0.027317965403199196
ETH,V4,2,PX_OBV,0.042516037821769714
ETH,V4,2,VOL_Z20,0.03261084109544754
ETH,V4,2,DERIV_OI_D1,0.03029543347656727
ETH,V4,2,DERIV_OI_PCT1,0.03133561834692955
ETH,V4,2,DERIV_FUND_Z7,0.03782903775572777
ETH,V4,2,DERIV_LSR_D1,0.0
ETH,V4,2,FLOW_LIQ_NET,0.03639627993106842
ETH,V4,2,FLOW_LIQ_ABS,0.03317919373512268
ETH,V4,2,FLOW_TAKER_IMB,0.0
ETH,V4,2,EXBAL_PCT_1D,0.03129301220178604
ETH,V4,2,SENT_FEAR,0.03680786117911339
ETH,V4,2,SENT_D_FEAR,0.03346934914588928
ETH,V4,2,WEEK_RET_1W,0.03348829224705696
ETH,V4,2,WEEK_RSI_1W,0.03181847557425499
ETH,V4,2,WEEK_MA_CROSS_1W,0.029838481917977333
BNB,V1,1,open,0.04655454680323601
BNB,V1,1,high,0.037536539137363434
BNB,V1,1,low,0.04120071604847908
BNB,V1,1,close,0.035963404923677444
BNB,V1,1,volume,0.04393502324819565
BNB,V1,1,RET_1D,0.04806430637836456
BNB,V1,1,RET_5D,0.03878503292798996
BNB,V1,1,RET_20D,0.03616559877991676
BNB,V1,1,TECH_RSI14,0.04578771814703941
BNB,V1,1,TECH_RSI30,0.04217216745018959
BNB,V1,1,TECH_MACD,0.034772105515003204
BNB,V1,1,TECH_MACD_SIG,0.04470107704401016
BNB,V1,1,TECH_MA5R,0.04196108505129814
BNB,V1,1,TECH_MA20R,0.03755701333284378
BNB,V1,1,TECH_MA50R,0.045345257967710495
BNB,V1,1,VOL_ATR14,0.03371763974428177
BNB,V1,1,BAND_BB_W,0.04096812754869461
BNB,V1,1,BAND_KC_W,0.03719734773039818
BNB,V1,1,PX_OBV,0.04394858330488205
BNB,V1,1,VOL_Z20,0.03706853464245796
BNB,V1,1,DERIV_OI_D1,0.0
BNB,V1,1,DERIV_OI_PCT1,0.0
BNB,V1,1,DERIV_FUND_Z7,0.0
BNB,V1,1,DERIV_LSR_D1,0.0
BNB,V1,1,FLOW_LIQ_NET,0.0
BNB,V1,1,FLOW_LIQ_ABS,0.0
BNB,V1,1,FLOW_TAKER_IMB,0.0
BNB,V1,1,EXBAL_PCT_1D,0.0
BNB,V1,1,SENT_FEAR,0.03421943634748459
BNB,V1,1,SENT_D_FEAR,0.03779289126396179
BNB,V1,1,WEEK_RET_1W,0.038504891097545624
BNB,V1,1,WEEK_RSI_1W,0.04102737456560135
BNB,V1,1,WEEK_MA_CROSS_1W,0.03505353257060051
BNB,V1,2,open,0.03274085372686386
BNB,V1,2,high,0.028150567784905434
BNB,V1,2,low,0.03293102607131004
BNB,V1,2,close,0.03170040622353554
BNB,V1,2,volume,0.03165394812822342
BNB,V1,2,RET_1D,0.03882438689470291
BNB,V1,2,RET_5D,0.031456224620342255
BNB,V1,2,RET_20D,0.03360697999596596
BNB,V1,2,TECH_RSI14,0.035640887916088104
BNB,V1,2,TECH_RSI30,0.030626006424427032
BNB,V1,2,TECH_MACD,0.03441100940108299
BNB,V1,2,TECH_MACD_SIG,0.03806910291314125
BNB,V1,2,TECH_MA5R,0.03495413064956665
BNB,V1,2,TECH_MA20R,0.0361274816095829
BNB,V1,2,TECH_MA50R,0.03541000932455063
BNB,V1,2,VOL_ATR14,0.03371473401784897
BNB,V1,2,BAND_BB_W,0.032250359654426575
BNB,V1,2,BAND_KC_W,0.03000953048467636
BNB,V1,2,PX_OBV,0.03329691290855408
BNB,V1,2,VOL_Z20,0.03211227431893349
BNB,V1,2,DERIV_OI_D1,0.03518287464976311
BNB,V1,2,DERIV_OI_PCT1,0.03903196379542351
BNB,V1,2,DERIV_FUND_Z7,0.03247722610831261
BNB,V1,2,DERIV_LSR_D1,0.0
BNB,V1,2,FLOW_LIQ_NET,0.03388434648513794
BNB,V1,2,FLOW_LIQ_ABS,0.029694993048906326
BNB,V1,2,FLOW_TAKER_IMB,0.0
BNB,V1,2,EXBAL_PCT_1D,0.0
BNB,V1,2,SENT_FEAR,0.030047522857785225
BNB,V1,2,SENT_D_FEAR,0.031453512609004974
BNB,V1,2,WEEK_RET_1W,0.03155793994665146
BNB,V1,2,WEEK_RSI_1W,0.034503478556871414
BNB,V1,2,WEEK_MA_CROSS_1W,0.034479282796382904
BNB,V1,3,open,0.03047299198806286
BNB,V1,3,high,0.03119838796555996
BNB,V1,3,low,0.032279398292303085
BNB,V1,3,close,0.031247800216078758
BNB,V1,3,volume,0.03080030158162117
BNB,V1,3,RET_1D,0.04070546105504036
BNB,V1,3,RET_5D,0.03310631960630417
BNB,V1,3,RET_20D,0.03096778318285942
BNB,V1,3,TECH_RSI14,0.032397616654634476
BNB,V1,3,TECH_RSI30,0.033635541796684265
BNB,V1,3,TECH_MACD,0.031420234590768814
BNB,V1,3,TECH_MACD_SIG,0.03643898665904999
BNB,V1,3,TECH_MA5R,0.03427426889538765
BNB,V1,3,TECH_MA20R,0.03742000833153725
BNB,V1,3,TECH_MA50R,0.03475033491849899
BNB,V1,3,VOL_ATR14,0.03161473944783211
BNB,V1,3,BAND_BB_W,0.03180389478802681
BNB,V1,3,BAND_KC_W,0.0344163179397583
BNB,V1,3,PX_OBV,0.03624245151877403
BNB,V1,3,VOL_Z20,0.03244555741548538
BNB,V1,3,DERIV_OI_D1,0.032134003937244415
BNB,V1,3,DERIV_OI_PCT1,0.035042379051446915
BNB,V1,3,DERIV_FUND_Z7,0.032505717128515244
BNB,V1,3,DERIV_LSR_D1,0.0
BNB,V1,3,FLOW_LIQ_NET,0.03468601405620575
BNB,V1,3,FLOW_LIQ_ABS,0.030026782304048538
BNB,V1,3,FLOW_TAKER_IMB,0.0
BNB,V1,3,EXBAL_PCT_1D,0.0
BNB,V1,3,SENT_FEAR,0.03073064051568508
BNB,V1,3,SENT_D_FEAR,0.033123064786195755
BNB,V1,3,WEEK_RET_1W,0.03308979049324989
BNB,V1,3,WEEK_RSI_1W,0.03456045687198639
BNB,V1,3,WEEK_MA_CROSS_1W,0.036462802439928055
BNB,V2,1,open,2.097973846752991
BNB,V2,1,high,1.6797701507456508
BNB,V2,1,low,1.0998073351008302
BNB,V2,1,close,1.3807171412690564
BNB,V2,1,volume,3.3527639269126057
BNB,V2,1,RET_1D,8.384942380889578
BNB,V2,1,RET_5D,3.6176265817410838
BNB,V2,1,RET_20D,3.2303622693954916
BNB,V2,1,TECH_RSI14,3.0290619741431013
BNB,V2,1,TECH_RSI30,3.6617330624263924
BNB,V2,1,TECH_MACD,1.7895337983357464
BNB,V2,1,TECH_MACD_SIG,1.6734951606368536
BNB,V2,1,TECH_MA5R,3.3028064887480064
BNB,V2,1,TECH_MA20R,3.6293596401394885
BNB,V2,1,TECH_MA50R,2.0180547926891714
BNB,V2,1,VOL_ATR14,2.126561810505196
BNB,V2,1,BAND_BB_W,4.817774709259385
BNB,V2,1,BAND_KC_W,3.5220624102112525
BNB,V2,1,PX_OBV,2.1329344913970467
BNB,V2,1,VOL_Z20,6.01688915542652
BNB,V2,1,DERIV_OI_D1,4.123744562189563
BNB,V2,1,DERIV_OI_PCT1,7.285947726020516
BNB,V2,1,DERIV_FUND_Z7,4.96991446880952
BNB,V2,1,DERIV_LSR_D1,0.0
BNB,V2,1,FLOW_LIQ_NET,2.895148305531996
BNB,V2,1,FLOW_LIQ_ABS,1.3203337800220545
BNB,V2,1,FLOW_TAKER_IMB,0.0
BNB,V2,1,EXBAL_PCT_1D,0.0
BNB,V2,1,SENT_FEAR,2.790708022029525
BNB,V2,1,SENT_D_FEAR,6.263605354514696
BNB,V2,1,WEEK_RET_1W,3.8796390752327676
BNB,V2,1,WEEK_RSI_1W,3.338188214723317
BNB,V2,1,WEEK_MA_CROSS_1W,0.5685393642005949
BNB,V2,2,open,1.2839739071562595
BNB,V2,2,high,1.6660533803882198
BNB,V2,2,low,1.3136610861119544
BNB,V2,2,close,1.2769800819734298
BNB,V2,2,volume,2.5474019003865522
BNB,V2,2,RET_1D,6.94774581963217
BNB,V2,2,RET_5D,3.7703035302837593
BNB,V2,2,RET_20D,3.1821911720221845
BNB,V2,2,TECH_RSI14,2.7425735248900374
BNB,V2,2,TECH_RSI30,3.4791098313259328
BNB,V2,2,TECH_MACD,1.9300086250695758
BNB,V2,2,TECH_MACD_SIG,2.70970285020106
BNB,V2,2,TECH_MA5R,2.9709225749150336
BNB,V2,2,TECH_MA20R,3.91990352743313
BNB,V2,2,TECH_MA50R,1.7692855922200341
BNB,V2,2,VOL_ATR14,2.116730941207109
BNB,V2,2,BAND_BB_W,4.912225008327249
BNB,V2,2,BAND_KC_W,5.428752396195288
BNB,V2,2,PX_OBV,2.8890709869899203
BNB,V2,2,VOL_Z20,6.17128307232299
BNB,V2,2,DERIV_OI_D1,4.135757909069129
BNB,V2,2,DERIV_OI_PCT1,4.698657982950716
BNB,V2,2,DERIV_FUND_Z7,6.178860522594835
BNB,V2,2,DERIV_LSR_D1,0.0
BNB,V2,2,FLOW_LIQ_NET,3.914048363802372
BNB,V2,2,FLOW_LIQ_ABS,2.260184321483867
BNB,V2,2,FLOW_TAKER_IMB,0.0
BNB,V2,2,EXBAL_PCT_1D,0.0
BNB,V2,2,SENT_FEAR,2.7597616215182716
BNB,V2,2,SENT_D_FEAR,5.503562364425453
BNB,V2,2,WEEK_RET_1W,4.13140038985763
BNB,V2,2,WEEK_RSI_1W,2.8880021863799343
BNB,V2,2,WEEK_MA_CROSS_1W,0.5018845288659064
BNB,V2,3,open,0.77200859436922
BNB,V2,3,high,1.6154280283203155
BNB,V2,3,low,1.7018376782118974
BNB,V2,3,close,1.0970003292821973
BNB,V2,3,volume,2.522314796620214
BNB,V2,3,RET_1D,6.977511287124174
BNB,V2,3,RET_5D,4.833497848568534
BNB,V2,3,RET_20D,2.812126682150844
BNB,V2,3,TECH_RSI14,3.0604982667359306
BNB,V2,3,TECH_RSI30,3.9058594328348835
BNB,V2,3,TECH_MACD,1.6569433301076786
BNB,V2,3,TECH_MACD_SIG,2.122153213086894
BNB,V2,3,TECH_MA5R,3.3727710688369714
BNB,V2,3,TECH_MA20R,3.5463324784431296
BNB,V2,3,TECH_MA50R,2.1356067349563213
BNB,V2,3,VOL_ATR14,2.1175212456238772
BNB,V2,3,BAND_BB_W,4.867377738337721
BNB,V2,3,BAND_KC_W,5.303212849667957
BNB,V2,3,PX_OBV,3.3593795615083746
BNB,V2,3,VOL_Z20,5.6821821887901836
BNB,V2,3,DERIV_OI_D1,3.668403332091972
BNB,V2,3,DERIV_OI_PCT1,4.221941328228943
BNB,V2,3,DERIV_FUND_Z7,5.968617829830622
BNB,V2,3,DERIV_LSR_D1,0.0
BNB,V2,3,FLOW_LIQ_NET,3.685419737925525
BNB,V2,3,FLOW_LIQ_ABS,2.890212572956119
BNB,V2,3,FLOW_TAKER_IMB,0.0
BNB,V2,3,EXBAL_PCT_1D,0.0
BNB,V2,3,SENT_FEAR,3.147857779120208
BNB,V2,3,SENT_D_FEAR,4.632246949219353
BNB,V2,3,WEEK_RET_1W,4.56819707269941
BNB,V2,3,WEEK_RSI_1W,3.2180555491553795
BNB,V2,3,WEEK_MA_CROSS_1W,0.5374844951951268
BNB,V3,1,open,2.097973846752991
BNB,V3,1,high,1.6797701507456508
BNB,V3,1,low,1.0998073351008302
BNB,V3,1,close,1.3807171412690564
BNB,V3,1,volume,3.3527639269126057
BNB,V3,1,RET_1D,8.384942380889578
BNB,V3,1,RET_5D,3.6176265817410838
BNB,V3,1,RET_20D,3.2303622693954916
BNB,V3,1,TECH_RSI14,3.0290619741431013
BNB,V3,1,TECH_RSI30,3.6617330624263924
BNB,V3,1,TECH_MACD,1.7895337983357464
BNB,V3,1,TECH_MACD_SIG,1.6734951606368536
BNB,V3,1,TECH_MA5R,3.3028064887480064
BNB,V3,1,TECH_MA20R,3.6293596401394885
BNB,V3,1,TECH_MA50R,2.0180547926891714
BNB,V3,1,VOL_ATR14,2.126561810505196
BNB,V3,1,BAND_BB_W,4.817774709259385
BNB,V3,1,BAND_KC_W,3.5220624102112525
BNB,V3,1,PX_OBV,2.1329344913970467
BNB,V3,1,VOL_Z20,6.01688915542652
BNB,V3,1,DERIV_OI_D1,4.123744562189563
BNB,V3,1,DERIV_OI_PCT1,7.285947726020516
BNB,V3,1,DERIV_FUND_Z7,4.96991446880952
BNB,V3,1,DERIV_LSR_D1,0.0
BNB,V3,1,FLOW_LIQ_NET,2.895148305531996
BNB,V3,1,FLOW_LIQ_ABS,1.3203337800220545
BNB,V3,1,FLOW_TAKER_IMB,0.0
BNB,V3,1,EXBAL_PCT_1D,0.0
BNB,V3,1,SENT_FEAR,2.790708022029525
BNB,V3,1,SENT_D_FEAR,6.263605354514696
BNB,V3,1,WEEK_RET_1W,3.8796390752327676
BNB,V3,1,WEEK_RSI_1W,3.338188214723317
BNB,V3,1,WEEK_MA_CROSS_1W,0.5685393642005949
BNB,V3,2,open,1.2839739071562595
BNB,V3,2,high,1.6660533803882198
BNB,V3,2,low,1.3136610861119544
BNB,V3,2,close,1.2769800819734298
BNB,V3,2,volume,2.5474019003865522
BNB,V3,2,RET_1D,6.94774581963217
BNB,V3,2,RET_5D,3.7703035302837593
BNB,V3,2,RET_20D,3.1821911720221845
BNB,V3,2,TECH_RSI14,2.7425735248900374
BNB,V3,2,TECH_RSI30,3.4791098313259328
BNB,V3,2,TECH_MACD,1.9300086250695758
BNB,V3,2,TECH_MACD_SIG,2.70970285020106
BNB,V3,2,TECH_MA5R,2.9709225749150336
BNB,V3,2,TECH_MA20R,3.91990352743313
BNB,V3,2,TECH_MA50R,1.7692855922200341
BNB,V3,2,VOL_ATR14,2.116730941207109
BNB,V3,2,BAND_BB_W,4.912225008327249
BNB,V3,2,BAND_KC_W,5.428752396195288
BNB,V3,2,PX_OBV,2.8890709869899203
BNB,V3,2,VOL_Z20,6.17128307232299
BNB,V3,2,DERIV_OI_D1,4.135757909069129
BNB,V3,2,DERIV_OI_PCT1,4.698657982950716
BNB,V3,2,DERIV_FUND_Z7,6.178860522594835
BNB,V3,2,DERIV_LSR_D1,0.0
BNB,V3,2,FLOW_LIQ_NET,3.914048363802372
BNB,V3,2,FLOW_LIQ_ABS,2.260184321483867
BNB,V3,2,FLOW_TAKER_IMB,0.0
BNB,V3,2,EXBAL_PCT_1D,0.0
BNB,V3,2,SENT_FEAR,2.7597616215182716
BNB,V3,2,SENT_D_FEAR,5.503562364425453
BNB,V3,2,WEEK_RET_1W,4.13140038985763
BNB,V3,2,WEEK_RSI_1W,2.8880021863799343
BNB,V3,2,WEEK_MA_CROSS_1W,0.5018845288659064
BNB,V3,3,open,0.77200859436922
BNB,V3,3,high,1.6154280283203155
BNB,V3,3,low,1.7018376782118974
BNB,V3,3,close,1.0970003292821973
BNB,V3,3,volume,2.522314796620214
BNB,V3,3,RET_1D,6.977511287124174
BNB,V3,3,RET_5D,4.833497848568534
BNB,V3,3,RET_20D,2.812126682150844
BNB,V3,3,TECH_RSI14,3.0604982667359306
BNB,V3,3,TECH_RSI30,3.9058594328348835
BNB,V3,3,TECH_MACD,1.6569433301076786
BNB,V3,3,TECH_MACD_SIG,2.122153213086894
BNB,V3,3,TECH_MA5R,3.3727710688369714
BNB,V3,3,TECH_MA20R,3.5463324784431296
BNB,V3,3,TECH_MA50R,2.1356067349563213
BNB,V3,3,VOL_ATR14,2.1175212456238772
BNB,V3,3,BAND_BB_W,4.867377738337721
BNB,V3,3,BAND_KC_W,5.303212849667957
BNB,V3,3,PX_OBV,3.3593795615083746
BNB,V3,3,VOL_Z20,5.6821821887901836
BNB,V3,3,DERIV_OI_D1,3.668403332091972
BNB,V3,3,DERIV_OI_PCT1,4.221941328228943
BNB,V3,3,DERIV_FUND_Z7,5.968617829830622
BNB,V3,3,DERIV_LSR_D1,0.0
BNB,V3,3,FLOW_LIQ_NET,3.685419737925525
BNB,V3,3,FLOW_LIQ_ABS,2.890212572956119
BNB,V3,3,FLOW_TAKER_IMB,0.0
BNB,V3,3,EXBAL_PCT_1D,0.0
BNB,V3,3,SENT_FEAR,3.147857779120208
BNB,V3,3,SENT_D_FEAR,4.632246949219353
BNB,V3,3,WEEK_RET_1W,4.56819707269941
BNB,V3,3,WEEK_RSI_1W,3.2180555491553795
BNB,V3,3,WEEK_MA_CROSS_1W,0.5374844951951268
ADA,V1,1,open,0.03321194648742676
ADA,V1,1,high,0.03545534983277321
ADA,V1,1,low,0.040917303413152695
ADA,V1,1,close,0.03874726966023445
ADA,V1,1,volume,0.04251965507864952
ADA,V1,1,RET_1D,0.04299268126487732
ADA,V1,1,RET_5D,0.0384860597550869
ADA,V1,1,RET_20D,0.03590206056833267
ADA,V1,1,TECH_RSI14,0.038833145052194595
ADA,V1,1,TECH_RSI30,0.03836652263998985
ADA,V1,1,TECH_MACD,0.040432967245578766
ADA,V1,1,TECH_MACD_SIG,0.03724578022956848
ADA,V1,1,TECH_MA5R,0.03730631247162819
ADA,V1,1,TECH_MA20R,0.04025139659643173
ADA,V1,1,TECH_MA50R,0.03868395835161209
ADA,V1,1,VOL_ATR14,0.03700774908065796
ADA,V1,1,BAND_BB_W,0.04056220501661301
ADA,V1,1,BAND_KC_W,0.03951357677578926
ADA,V1,1,PX_OBV,0.042853422462940216
ADA,V1,1,VOL_Z20,0.04264865443110466
ADA,V1,1,DERIV_OI_D1,0.0
ADA,V1,1,DERIV_OI_PCT1,0.0
ADA,V1,1,DERIV_FUND_Z7,0.0
ADA,V1,1,DERIV_LSR_D1,0.0
ADA,V1,1,FLOW_LIQ_NET,0.0
ADA,V1,1,FLOW_LIQ_ABS,0.0
ADA,V1,1,FLOW_TAKER_IMB,0.0
ADA,V1,1,EXBAL_PCT_1D,0.0
ADA,V1,1,SENT_FEAR,0.036408234387636185
ADA,V1,1,SENT_D_FEAR,0.034103523939847946
ADA,V1,1,WEEK_RET_1W,0.044137053191661835
ADA,V1,1,WEEK_RSI_1W,0.03546255826950073
ADA,V1,1,WEEK_MA_CROSS_1W,0.06795057654380798
ADA,V1,2,open,0.03298593685030937
ADA,V1,2,high,0.03203321620821953
ADA,V1,2,low,0.032792963087558746
ADA,V1,2,close,0.033840395510196686
ADA,V1,2,volume,0.03269843012094498
ADA,V1,2,RET_1D,0.03790398687124252
ADA,V1,2,RET_5D,0.03200738877058029
ADA,V1,2,RET_20D,0.031151657924056053
ADA,V1,2,TECH_RSI14,0.03353124484419823
ADA,V1,2,TECH_RSI30,0.035501860082149506
ADA,V1,2,TECH_MACD,0.033528123050928116
ADA,V1,2,TECH_MACD_SIG,0.029873378574848175
ADA,V1,2,TECH_MA5R,0.030967317521572113
ADA,V1,2,TECH_MA20R,0.03707790747284889
ADA,V1,2,TECH_MA50R,0.032261308282613754
ADA,V1,2,VOL_ATR14,0.0345354788005352
ADA,V1,2,BAND_BB_W,0.03184781223535538
ADA,V1,2,BAND_KC_W,0.03371962904930115
ADA,V1,2,PX_OBV,0.036080364137887955
ADA,V1,2,VOL_Z20,0.03280160576105118
ADA,V1,2,DERIV_OI_D1,0.0337483286857605
ADA,V1,2,DERIV_OI_PCT1,0.03573351725935936
ADA,V1,2,DERIV_FUND_Z7,0.033178236335515976
ADA,V1,2,DERIV_LSR_D1,0.0
ADA,V1,2,FLOW_LIQ_NET,0.034953005611896515
ADA,V1,2,FLOW_LIQ_ABS,0.028211001306772232
ADA,V1,2,FLOW_TAKER_IMB,0.0
ADA,V1,2,EXBAL_PCT_1D,0.0
ADA,V1,2,SENT_FEAR,0.029945187270641327
ADA,V1,2,SENT_D_FEAR,0.031195499002933502
ADA,V1,2,WEEK_RET_1W,0.03249112516641617
ADA,V1,2,WEEK_RSI_1W,0.02960718236863613
ADA,V1,2,WEEK_MA_CROSS_1W,0.04379689693450928
ADA,V1,3,open,0.031220300123095512
ADA,V1,3,high,0.02660287171602249
ADA,V1,3,low,0.03228599578142166
ADA,V1,3,close,0.03672638162970543
ADA,V1,3,volume,0.03420249745249748
ADA,V1,3,RET_1D,0.03643845394253731
ADA,V1,3,RET_5D,0.033168092370033264
ADA,V1,3,RET_20D,0.03317844867706299
ADA,V1,3,TECH_RSI14,0.03527439013123512
ADA,V1,3,TECH_RSI30,0.03505327180027962
ADA,V1,3,TECH_MACD,0.03118904121220112
ADA,V1,3,TECH_MACD_SIG,0.03174706920981407
ADA,V1,3,TECH_MA5R,0.03258590027689934
ADA,V1,3,TECH_MA20R,0.03962641954421997
ADA,V1,3,TECH_MA50R,0.037077780812978745
ADA,V1,3,VOL_ATR14,0.03179692476987839
ADA,V1,3,BAND_BB_W,0.032503195106983185
ADA,V1,3,BAND_KC_W,0.03453865274786949
ADA,V1,3,PX_OBV,0.03609146922826767
ADA,V1,3,VOL_Z20,0.03205837309360504
ADA,V1,3,DERIV_OI_D1,0.034080661833286285
ADA,V1,3,DERIV_OI_PCT1,0.035262927412986755
ADA,V1,3,DERIV_FUND_Z7,0.031309567391872406
ADA,V1,3,DERIV_LSR_D1,0.0
ADA,V1,3,FLOW_LIQ_NET,0.03279833495616913
ADA,V1,3,FLOW_LIQ_ABS,0.031604524701833725
ADA,V1,3,FLOW_TAKER_IMB,0.0
ADA,V1,3,EXBAL_PCT_1D,0.0
ADA,V1,3,SENT_FEAR,0.03056366927921772
ADA,V1,3,SENT_D_FEAR,0.03266960382461548
ADA,V1,3,WEEK_RET_1W,0.03231644630432129
ADA,V1,3,WEEK_RSI_1W,0.032262347638607025
ADA,V1,3,WEEK_MA_CROSS_1W,0.03376645967364311
ADA,V2,1,open,0.9284623523207081
ADA,V2,1,high,0.9543847550529093
ADA,V2,1,low,2.2624680205865495
ADA,V2,1,close,1.2415184515960647
ADA,V2,1,volume,1.938283624940222
ADA,V2,1,RET_1D,8.224486777539958
ADA,V2,1,RET_5D,3.744371655958444
ADA,V2,1,RET_20D,3.301714135514059
ADA,V2,1,TECH_RSI14,3.6909731809918656
ADA,V2,1,TECH_RSI30,4.820004888867703
ADA,V2,1,TECH_MACD,2.585264633205653
ADA,V2,1,TECH_MACD_SIG,1.578723200548211
ADA,V2,1,TECH_MA5R,4.806624523517795
ADA,V2,1,TECH_MA20R,4.537997799521648
ADA,V2,1,TECH_MA50R,1.5722448191262508
ADA,V2,1,VOL_ATR14,1.5547819075922646
ADA,V2,1,BAND_BB_W,4.905665520920745
ADA,V2,1,BAND_KC_W,3.446687803925202
ADA,V2,1,PX_OBV,2.8983867925154714
ADA,V2,1,VOL_Z20,5.328732838531618
ADA,V2,1,DERIV_OI_D1,3.6769692413569603
ADA,V2,1,DERIV_OI_PCT1,5.7854425922444275
ADA,V2,1,DERIV_FUND_Z7,7.883280421680067
ADA,V2,1,DERIV_LSR_D1,0.0
ADA,V2,1,FLOW_LIQ_NET,2.298134341898589
ADA,V2,1,FLOW_LIQ_ABS,0.7017194652839617
ADA,V2,1,FLOW_TAKER_IMB,0.0
ADA,V2,1,EXBAL_PCT_1D,0.0
ADA,V2,1,SENT_FEAR,1.880863500598219
ADA,V2,1,SENT_D_FEAR,6.100818668943502
ADA,V2,1,WEEK_RET_1W,3.379841494215225
ADA,V2,1,WEEK_RSI_1W,3.208205300358853
ADA,V2,1,WEEK_MA_CROSS_1W,0.7629472906468471
ADA,V2,2,open,0.964038729665524
ADA,V2,2,high,0.891710332930371
ADA,V2,2,low,1.3286578773809872
ADA,V2,2,close,1.5988117175487953
ADA,V2,2,volume,1.8386890850945101
ADA,V2,2,RET_1D,6.695288147173886
ADA,V2,2,RET_5D,4.274789468792789
ADA,V2,2,RET_20D,3.0638327793040627
ADA,V2,2,TECH_RSI14,5.168972552571908
ADA,V2,2,TECH_RSI30,4.29528832642343
ADA,V2,2,TECH_MACD,1.5151972602977146
ADA,V2,2,TECH_MACD_SIG,3.0357216030583616
ADA,V2,2,TECH_MA5R,4.4868244011427265
ADA,V2,2,TECH_MA20R,4.356626720692138
ADA,V2,2,TECH_MA50R,2.072689374493698
ADA,V2,2,VOL_ATR14,1.5931521523742205
ADA,V2,2,BAND_BB_W,4.076612847419464
ADA,V2,2,BAND_KC_W,3.957415725638959
ADA,V2,2,PX_OBV,4.106239867581855
ADA,V2,2,VOL_Z20,5.63719853340294
ADA,V2,2,DERIV_OI_D1,3.263253377674823
ADA,V2,2,DERIV_OI_PCT1,5.208275017631684
ADA,V2,2,DERIV_FUND_Z7,6.657693779034442
ADA,V2,2,DERIV_LSR_D1,0.0
ADA,V2,2,FLOW_LIQ_NET,2.9217101040594207
ADA,V2,2,FLOW_LIQ_ABS,2.31729326537491
ADA,V2,2,FLOW_TAKER_IMB,0.0
ADA,V2,2,EXBAL_PCT_1D,0.0
ADA,V2,2,SENT_FEAR,2.005408523527403
ADA,V2,2,SENT_D_FEAR,5.525330387893377
ADA,V2,2,WEEK_RET_1W,3.651733148200142
ADA,V2,2,WEEK_RSI_1W,2.8032792235791124
ADA,V2,2,WEEK_MA_CROSS_1W,0.6882656700363659
ADA,V2,3,open,1.1263226822413366
ADA,V2,3,high,1.1541178395868725
ADA,V2,3,low,0.8187709966754689
ADA,V2,3,close,1.4445958803097243
ADA,V2,3,volume,2.8692082543023836
ADA,V2,3,RET_1D,5.775868035715143
ADA,V2,3,RET_5D,4.835399718177531
ADA,V2,3,RET_20D,3.4632030901959383
ADA,V2,3,TECH_RSI14,4.644181871935306
ADA,V2,3,TECH_RSI30,2.8517652214907647
ADA,V2,3,TECH_MACD,1.8581623802766178
ADA,V2,3,TECH_MACD_SIG,2.582899439076895
ADA,V2,3,TECH_MA5R,4.3768182769795905
ADA,V2,3,TECH_MA20R,3.5182358757846544
ADA,V2,3,TECH_MA50R,2.612952732311585
ADA,V2,3,VOL_ATR14,1.9706270534187746
ADA,V2,3,BAND_BB_W,4.259074615437043
ADA,V2,3,BAND_KC_W,3.2343188051593845
ADA,V2,3,PX_OBV,3.909138992629877
ADA,V2,3,VOL_Z20,5.646614779944864
ADA,V2,3,DERIV_OI_D1,3.712123861654707
ADA,V2,3,DERIV_OI_PCT1,4.511293956126042
ADA,V2,3,DERIV_FUND_Z7,5.885775887643377
ADA,V2,3,DERIV_LSR_D1,0.0
ADA,V2,3,FLOW_LIQ_NET,3.8625491901933353
ADA,V2,3,FLOW_LIQ_ABS,2.6515432893737216
ADA,V2,3,FLOW_TAKER_IMB,0.0
ADA,V2,3,EXBAL_PCT_1D,0.0
ADA,V2,3,SENT_FEAR,3.925933979640573
ADA,V2,3,SENT_D_FEAR,4.671857574251243
ADA,V2,3,WEEK_RET_1W,4.20936604247791
ADA,V2,3,WEEK_RSI_1W,3.1230680046343684
ADA,V2,3,WEEK_MA_CROSS_1W,0.4942116723549833
ADA,V3,1,open,0.9284623523207081
ADA,V3,1,high,0.9543847550529093
ADA,V3,1,low,2.2624680205865495
ADA,V3,1,close,1.2415184515960647
ADA,V3,1,volume,1.938283624940222
ADA,V3,1,RET_1D,8.224486777539958
ADA,V3,1,RET_5D,3.744371655958444
ADA,V3,1,RET_20D,3.301714135514059
ADA,V3,1,TECH_RSI14,3.6909731809918656
ADA,V3,1,TECH_RSI30,4.820004888867703
ADA,V3,1,TECH_MACD,2.585264633205653
ADA,V3,1,TECH_MACD_SIG,1.578723200548211
ADA,V3,1,TECH_MA5R,4.806624523517795
ADA,V3,1,TECH_MA20R,4.537997799521648
ADA,V3,1,TECH_MA50R,1.5722448191262508
ADA,V3,1,VOL_ATR14,1.5547819075922646
ADA,V3,1,BAND_BB_W,4.905665520920745
ADA,V3,1,BAND_KC_W,3.446687803925202
ADA,V3,1,PX_OBV,2.8983867925154714
ADA,V3,1,VOL_Z20,5.328732838531618
ADA,V3,1,DERIV_OI_D1,3.6769692413569603
ADA,V3,1,DERIV_OI_PCT1,5.7854425922444275
ADA,V3,1,DERIV_FUND_Z7,7.883280421680067
ADA,V3,1,DERIV_LSR_D1,0.0
ADA,V3,1,FLOW_LIQ_NET,2.298134341898589
ADA,V3,1,FLOW_LIQ_ABS,0.7017194652839617
ADA,V3,1,FLOW_TAKER_IMB,0.0
ADA,V3,1,EXBAL_PCT_1D,0.0
ADA,V3,1,SENT_FEAR,1.880863500598219
ADA,V3,1,SENT_D_FEAR,6.100818668943502
ADA,V3,1,WEEK_RET_1W,3.379841494215225
ADA,V3,1,WEEK_RSI_1W,3.208205300358853
ADA,V3,1,WEEK_MA_CROSS_1W,0.7629472906468471
ADA,V3,2,open,0.964038729665524
ADA,V3,2,high,0.891710332930371
ADA,V3,2,low,1.3286578773809872
ADA,V3,2,close,1.5988117175487953
ADA,V3,2,volume,1.8386890850945101
ADA,V3,2,RET_1D,6.695288147173886
ADA,V3,2,RET_5D,4.274789468792789
ADA,V3,2,RET_20D,3.0638327793040627
ADA,V3,2,TECH_RSI14,5.168972552571908
ADA,V3,2,TECH_RSI30,4.29528832642343
ADA,V3,2,TECH_MACD,1.5151972602977146
ADA,V3,2,TECH_MACD_SIG,3.0357216030583616
ADA,V3,2,TECH_MA5R,4.4868244011427265
ADA,V3,2,TECH_MA20R,4.356626720692138
ADA,V3,2,TECH_MA50R,2.072689374493698
ADA,V3,2,VOL_ATR14,1.5931521523742205
ADA,V3,2,BAND_BB_W,4.076612847419464
ADA,V3,2,BAND_KC_W,3.957415725638959
ADA,V3,2,PX_OBV,4.106239867581855
ADA,V3,2,VOL_Z20,5.63719853340294
ADA,V3,2,DERIV_OI_D1,3.263253377674823
ADA,V3,2,DERIV_OI_PCT1,5.208275017631684
ADA,V3,2,DERIV_FUND_Z7,6.657693779034442
ADA,V3,2,DERIV_LSR_D1,0.0
ADA,V3,2,FLOW_LIQ_NET,2.9217101040594207
ADA,V3,2,FLOW_LIQ_ABS,2.31729326537491
ADA,V3,2,FLOW_TAKER_IMB,0.0
ADA,V3,2,EXBAL_PCT_1D,0.0
ADA,V3,2,SENT_FEAR,2.005408523527403
ADA,V3,2,SENT_D_FEAR,5.525330387893377
ADA,V3,2,WEEK_RET_1W,3.651733148200142
ADA,V3,2,WEEK_RSI_1W,2.8032792235791124
ADA,V3,2,WEEK_MA_CROSS_1W,0.6882656700363659
ADA,V3,3,open,1.1263226822413366
ADA,V3,3,high,1.1541178395868725
ADA,V3,3,low,0.8187709966754689
ADA,V3,3,close,1.4445958803097243
ADA,V3,3,volume,2.8692082543023836
ADA,V3,3,RET_1D,5.775868035715143
ADA,V3,3,RET_5D,4.835399718177531
ADA,V3,3,RET_20D,3.4632030901959383
ADA,V3,3,TECH_RSI14,4.644181871935306
ADA,V3,3,TECH_RSI30,2.8517652214907647
ADA,V3,3,TECH_MACD,1.8581623802766178
ADA,V3,3,TECH_MACD_SIG,2.582899439076895
ADA,V3,3,TECH_MA5R,4.3768182769795905
ADA,V3,3,TECH_MA20R,3.5182358757846544
ADA,V3,3,TECH_MA50R,2.612952732311585
ADA,V3,3,VOL_ATR14,1.9706270534187746
ADA,V3,3,BAND_BB_W,4.259074615437043
ADA,V3,3,BAND_KC_W,3.2343188051593845
ADA,V3,3,PX_OBV,3.909138992629877
ADA,V3,3,VOL_Z20,5.646614779944864
ADA,V3,3,DERIV_OI_D1,3.712123861654707
ADA,V3,3,DERIV_OI_PCT1,4.511293956126042
ADA,V3,3,DERIV_FUND_Z7,5.885775887643377
ADA,V3,3,DERIV_LSR_D1,0.0
ADA,V3,3,FLOW_LIQ_NET,3.8625491901933353
ADA,V3,3,FLOW_LIQ_ABS,2.6515432893737216
ADA,V3,3,FLOW_TAKER_IMB,0.0
ADA,V3,3,EXBAL_PCT_1D,0.0
ADA,V3,3,SENT_FEAR,3.925933979640573
ADA,V3,3,SENT_D_FEAR,4.671857574251243
ADA,V3,3,WEEK_RET_1W,4.20936604247791
ADA,V3,3,WEEK_RSI_1W,3.1230680046343684
ADA,V3,3,WEEK_MA_CROSS_1W,0.4942116723549833
XRP,V1,1,open,0.041015367954969406
XRP,V1,1,high,0.02744661271572113
XRP,V1,1,low,0.03927244618535042
XRP,V1,1,close,0.038006238639354706
XRP,V1,1,volume,0.04044477641582489
XRP,V1,1,RET_1D,0.04613448306918144
XRP,V1,1,RET_5D,0.04100301116704941
XRP,V1,1,RET_20D,0.03814378380775452
XRP,V1,1,TECH_RSI14,0.0354355052113533
XRP,V1,1,TECH_RSI30,0.04475930333137512
XRP,V1,1,TECH_MACD,0.043549466878175735
XRP,V1,1,TECH_MACD_SIG,0.03309546783566475
XRP,V1,1,TECH_MA5R,0.04466758668422699
XRP,V1,1,TECH_MA20R,0.04007692262530327
XRP,V1,1,TECH_MA50R,0.044794712215662
XRP,V1,1,VOL_ATR14,0.03369686380028725
XRP,V1,1,BAND_BB_W,0.04676399379968643
XRP,V1,1,BAND_KC_W,0.03705541044473648
XRP,V1,1,PX_OBV,0.046442389488220215
XRP,V1,1,VOL_Z20,0.046901192516088486
XRP,V1,1,DERIV_OI_D1,0.0
XRP,V1,1,DERIV_OI_PCT1,0.0
XRP,V1,1,DERIV_FUND_Z7,0.0
XRP,V1,1,DERIV_LSR_D1,0.0
XRP,V1,1,FLOW_LIQ_NET,0.0
XRP,V1,1,FLOW_LIQ_ABS,0.0
XRP,V1,1,FLOW_TAKER_IMB,0.0
XRP,V1,1,EXBAL_PCT_1D,0.0
XRP,V1,1,SENT_FEAR,0.03815488517284393
XRP,V1,1,SENT_D_FEAR,0.038411639630794525
XRP,V1,1,WEEK_RET_1W,0.03439636155962944
XRP,V1,1,WEEK_RSI_1W,0.04323531687259674
XRP,V1,1,WEEK_MA_CROSS_1W,0.03709626570343971
XRP,V1,2,open,0.03061390109360218
XRP,V1,2,high,0.027211379259824753
XRP,V1,2,low,0.032463155686855316
XRP,V1,2,close,0.03876751288771629
XRP,V1,2,volume,0.03260991349816322
XRP,V1,2,RET_1D,0.042097076773643494
XRP,V1,2,RET_5D,0.0368770994246006
XRP,V1,2,RET_20D,0.033858656883239746
XRP,V1,2,TECH_RSI14,0.03078611195087433
XRP,V1,2,TECH_RSI30,0.04017363861203194
XRP,V1,2,TECH_MACD,0.0349370539188385
XRP,V1,2,TECH_MACD_SIG,0.033522654324769974
XRP,V1,2,TECH_MA5R,0.03903433308005333
XRP,V1,2,TECH_MA20R,0.03552757948637009
XRP,V1,2,TECH_MA50R,0.034743569791316986
XRP,V1,2,VOL_ATR14,0.02898348681628704
XRP,V1,2,BAND_BB_W,0.0368218757212162
XRP,V1,2,BAND_KC_W,0.03019060008227825
XRP,V1,2,PX_OBV,0.035325273871421814
XRP,V1,2,VOL_Z20,0.035450708121061325
XRP,V1,2,DERIV_OI_D1,0.03291473537683487
XRP,V1,2,DERIV_OI_PCT1,0.03651371970772743
XRP,V1,2,DERIV_FUND_Z7,0.028475185856223106
XRP,V1,2,DERIV_LSR_D1,0.0
XRP,V1,2,FLOW_LIQ_NET,0.030027423053979874
XRP,V1,2,FLOW_LIQ_ABS,0.03356725722551346
XRP,V1,2,FLOW_TAKER_IMB,0.0
XRP,V1,2,EXBAL_PCT_1D,0.0
XRP,V1,2,SENT_FEAR,0.031469836831092834
XRP,V1,2,SENT_D_FEAR,0.030375545844435692
XRP,V1,2,WEEK_RET_1W,0.028031641617417336
XRP,V1,2,WEEK_RSI_1W,0.03528289869427681
XRP,V1,2,WEEK_MA_CROSS_1W,0.02334621548652649
XRP,V1,3,open,0.03282669559121132
XRP,V1,3,high,0.03413288667798042
XRP,V1,3,low,0.03482998535037041
XRP,V1,3,close,0.039364252239465714
XRP,V1,3,volume,0.03243580833077431
XRP,V1,3,RET_1D,0.040667466819286346
XRP,V1,3,RET_5D,0.033396344631910324
XRP,V1,3,RET_20D,0.03241473436355591
XRP,V1,3,TECH_RSI14,0.030189478769898415
XRP,V1,3,TECH_RSI30,0.036422260105609894
XRP,V1,3,TECH_MACD,0.03297101706266403
XRP,V1,3,TECH_MACD_SIG,0.03023540787398815
XRP,V1,3,TECH_MA5R,0.03410722687840462
XRP,V1,3,TECH_MA20R,0.03513406962156296
XRP,V1,3,TECH_MA50R,0.033977292478084564
XRP,V1,3,VOL_ATR14,0.03000515326857567
XRP,V1,3,BAND_BB_W,0.03350674360990524
XRP,V1,3,BAND_KC_W,0.03248598799109459
XRP,V1,3,PX_OBV,0.03399647772312164
XRP,V1,3,VOL_Z20,0.03192935883998871
XRP,V1,3,DERIV_OI_D1,0.032654695212841034
XRP,V1,3,DERIV_OI_PCT1,0.034577626734972
XRP,V1,3,DERIV_FUND_Z7,0.032095324248075485
XRP,V1,3,DERIV_LSR_D1,0.0
XRP,V1,3,FLOW_LIQ_NET,0.029271956533193588
XRP,V1,3,FLOW_LIQ_ABS,0.03330478072166443
XRP,V1,3,FLOW_TAKER_IMB,0.0
XRP,V1,3,EXBAL_PCT_1D,0.0
XRP,V1,3,SENT_FEAR,0.030923569574952126
XRP,V1,3,SENT_D_FEAR,0.03242034837603569
XRP,V1,3,WEEK_RET_1W,0.031560081988573074
XRP,V1,3,WEEK_RSI_1W,0.03369828313589096
XRP,V1,3,WEEK_MA_CROSS_1W,0.03446466848254204
XRP,V2,1,open,1.3468542231542213
XRP,V2,1,high,1.3631422980383476
XRP,V2,1,low,2.058465221893865
XRP,V2,1,close,1.7606268387851478
XRP,V2,1,volume,3.6483469543509206
XRP,V2,1,RET_1D,8.017763964169536
XRP,V2,1,RET_5D,5.410925189173631
XRP,V2,1,RET_20D,3.8087801753034762
XRP,V2,1,TECH_RSI14,4.069342962097958
XRP,V2,1,TECH_RSI30,3.663534672933152
XRP,V2,1,TECH_MACD,1.9296507245908774
XRP,V2,1,TECH_MACD_SIG,1.766556325514244
XRP,V2,1,TECH_MA5R,6.791914453572554
XRP,V2,1,TECH_MA20R,3.3792142268202516
XRP,V2,1,TECH_MA50R,2.07000605067311
XRP,V2,1,VOL_ATR14,2.2890716311444628
XRP,V2,1,BAND_BB_W,3.1074322602689413
XRP,V2,1,BAND_KC_W,2.3420087954490576
XRP,V2,1,PX_OBV,4.930821632887137
XRP,V2,1,VOL_Z20,6.3136692486977495
XRP,V2,1,DERIV_OI_D1,3.4651340146870613
XRP,V2,1,DERIV_OI_PCT1,4.974427053437809
XRP,V2,1,DERIV_FUND_Z7,4.8321162571526175
XRP,V2,1,DERIV_LSR_D1,0.0
XRP,V2,1,FLOW_LIQ_NET,1.2398213473987492
XRP,V2,1,FLOW_LIQ_ABS,1.0462675966595
XRP,V2,1,FLOW_TAKER_IMB,0.0
XRP,V2,1,EXBAL_PCT_1D,0.0
XRP,V2,1,SENT_FEAR,2.1557117394738747
XRP,V2,1,SENT_D_FEAR,3.9675708887329564
XRP,V2,1,WEEK_RET_1W,3.636210330724284
XRP,V2,1,WEEK_RSI_1W,4.075449682190316
XRP,V2,1,WEEK_MA_CROSS_1W,0.5391632400241969
XRP,V2,2,open,1.3355896700961447
XRP,V2,2,high,1.2440656823107028
XRP,V2,2,low,2.161544430492531
XRP,V2,2,close,1.2134337330516958
XRP,V2,2,volume,2.941180964480373
XRP,V2,2,RET_1D,7.84010014929849
XRP,V2,2,RET_5D,4.261807693652992
XRP,V2,2,RET_20D,2.5367064068212035
XRP,V2,2,TECH_RSI14,4.100324192302961
XRP,V2,2,TECH_RSI30,3.0696178320721974
XRP,V2,2,TECH_MACD,1.7428002048219073
XRP,V2,2,TECH_MACD_SIG,2.327017937050705
XRP,V2,2,TECH_MA5R,5.600395117568173
XRP,V2,2,TECH_MA20R,3.03838213657872
XRP,V2,2,TECH_MA50R,2.0971822419171975
XRP,V2,2,VOL_ATR14,2.3674519012047455
XRP,V2,2,BAND_BB_W,3.4181852334455436
XRP,V2,2,BAND_KC_W,2.7341939147589227
XRP,V2,2,PX_OBV,4.963047777151918
XRP,V2,2,VOL_Z20,5.57069409553444
XRP,V2,2,DERIV_OI_D1,3.4256126684414214
XRP,V2,2,DERIV_OI_PCT1,5.260579445033417
XRP,V2,2,DERIV_FUND_Z7,5.300190871380488
XRP,V2,2,DERIV_LSR_D1,0.0
XRP,V2,2,FLOW_LIQ_NET,2.846517543665657
XRP,V2,2,FLOW_LIQ_ABS,2.1327603670642086
XRP,V2,2,FLOW_TAKER_IMB,0.0
XRP,V2,2,EXBAL_PCT_1D,0.0
XRP,V2,2,SENT_FEAR,3.3079918063848237
XRP,V2,2,SENT_D_FEAR,4.437622918368246
XRP,V2,2,WEEK_RET_1W,4.249212733047525
XRP,V2,2,WEEK_RSI_1W,4.097135307029565
XRP,V2,2,WEEK_MA_CROSS_1W,0.3786550249731011
XRP,V2,3,open,1.906256146675132
XRP,V2,3,high,1.6420378423956041
XRP,V2,3,low,1.3218207025968178
XRP,V2,3,close,1.9553095336636164
XRP,V2,3,volume,2.998262823184229
XRP,V2,3,RET_1D,7.185481516428743
XRP,V2,3,RET_5D,4.533447789608098
XRP,V2,3,RET_20D,2.6099088601939675
XRP,V2,3,TECH_RSI14,4.167572138130757
XRP,V2,3,TECH_RSI30,3.5705883449334137
XRP,V2,3,TECH_MACD,2.3247664083304094
XRP,V2,3,TECH_MACD_SIG,2.2792854160554463
XRP,V2,3,TECH_MA5R,4.895614486807257
XRP,V2,3,TECH_MA20R,2.4095404825135085
XRP,V2,3,TECH_MA50R,2.458148785025
XRP,V2,3,VOL_ATR14,2.204208122178438
XRP,V2,3,BAND_BB_W,3.7814677864136237
XRP,V2,3,BAND_KC_W,2.669672913024162
XRP,V2,3,PX_OBV,4.611216532659529
XRP,V2,3,VOL_Z20,5.20930025433147
XRP,V2,3,DERIV_OI_D1,3.1856683380065562
XRP,V2,3,DERIV_OI_PCT1,4.2638751326455395
XRP,V2,3,DERIV_FUND_Z7,5.46711928389217
XRP,V2,3,DERIV_LSR_D1,0.0
XRP,V2,3,FLOW_LIQ_NET,3.0532909078690667
XRP,V2,3,FLOW_LIQ_ABS,3.5139953265001553
XRP,V2,3,FLOW_TAKER_IMB,0.0
XRP,V2,3,EXBAL_PCT_1D,0.0
XRP,V2,3,SENT_FEAR,3.845601348013811
XRP,V2,3,SENT_D_FEAR,3.9431624697116443
XRP,V2,3,WEEK_RET_1W,3.469550659282353
XRP,V2,3,WEEK_RSI_1W,4.138778696677598
XRP,V2,3,WEEK_MA_CROSS_1W,0.3850509522519001
XRP,V3,1,open,1.3468542231542213
XRP,V3,1,high,1.3631422980383476
XRP,V3,1,low,2.058465221893865
XRP,V3,1,close,1.7606268387851478
XRP,V3,1,volume,3.6483469543509206
XRP,V3,1,RET_1D,8.017763964169536
XRP,V3,1,RET_5D,5.410925189173631
XRP,V3,1,RET_20D,3.8087801753034762
XRP,V3,1,TECH_RSI14,4.069342962097958
XRP,V3,1,TECH_RSI30,3.663534672933152
XRP,V3,1,TECH_MACD,1.9296507245908774
XRP,V3,1,TECH_MACD_SIG,1.766556325514244
XRP,V3,1,TECH_MA5R,6.791914453572554
XRP,V3,1,TECH_MA20R,3.3792142268202516
XRP,V3,1,TECH_MA50R,2.07000605067311
XRP,V3,1,VOL_ATR14,2.2890716311444628
XRP,V3,1,BAND_BB_W,3.1074322602689413
XRP,V3,1,BAND_KC_W,2.3420087954490576
XRP,V3,1,PX_OBV,4.930821632887137
XRP,V3,1,VOL_Z20,6.3136692486977495
XRP,V3,1,DERIV_OI_D1,3.4651340146870613
XRP,V3,1,DERIV_OI_PCT1,4.974427053437809
XRP,V3,1,DERIV_FUND_Z7,4.8321162571526175
XRP,V3,1,DERIV_LSR_D1,0.0
XRP,V3,1,FLOW_LIQ_NET,1.2398213473987492
XRP,V3,1,FLOW_LIQ_ABS,1.0462675966595
XRP,V3,1,FLOW_TAKER_IMB,0.0
XRP,V3,1,EXBAL_PCT_1D,0.0
XRP,V3,1,SENT_FEAR,2.1557117394738747
XRP,V3,1,SENT_D_FEAR,3.9675708887329564
XRP,V3,1,WEEK_RET_1W,3.636210330724284
XRP,V3,1,WEEK_RSI_1W,4.075449682190316
XRP,V3,1,WEEK_MA_CROSS_1W,0.5391632400241969
XRP,V3,2,open,1.3355896700961447
XRP,V3,2,high,1.2440656823107028
XRP,V3,2,low,2.161544430492531
XRP,V3,2,close,1.2134337330516958
XRP,V3,2,volume,2.941180964480373
XRP,V3,2,RET_1D,7.84010014929849
XRP,V3,2,RET_5D,4.261807693652992
XRP,V3,2,RET_20D,2.5367064068212035
XRP,V3,2,TECH_RSI14,4.100324192302961
XRP,V3,2,TECH_RSI30,3.0696178320721974
XRP,V3,2,TECH_MACD,1.7428002048219073
XRP,V3,2,TECH_MACD_SIG,2.327017937050705
XRP,V3,2,TECH_MA5R,5.600395117568173
XRP,V3,2,TECH_MA20R,3.03838213657872
XRP,V3,2,TECH_MA50R,2.0971822419171975
XRP,V3,2,VOL_ATR14,2.3674519012047455
XRP,V3,2,BAND_BB_W,3.4181852334455436
XRP,V3,2,BAND_KC_W,2.7341939147589227
XRP,V3,2,PX_OBV,4.963047777151918
XRP,V3,2,VOL_Z20,5.57069409553444
XRP,V3,2,DERIV_OI_D1,3.4256126684414214
XRP,V3,2,DERIV_OI_PCT1,5.260579445033417
XRP,V3,2,DERIV_FUND_Z7,5.300190871380488
XRP,V3,2,DERIV_LSR_D1,0.0
XRP,V3,2,FLOW_LIQ_NET,2.846517543665657
XRP,V3,2,FLOW_LIQ_ABS,2.1327603670642086
XRP,V3,2,FLOW_TAKER_IMB,0.0
XRP,V3,2,EXBAL_PCT_1D,0.0
XRP,V3,2,SENT_FEAR,3.3079918063848237
XRP,V3,2,SENT_D_FEAR,4.437622918368246
XRP,V3,2,WEEK_RET_1W,4.249212733047525
XRP,V3,2,WEEK_RSI_1W,4.097135307029565
XRP,V3,2,WEEK_MA_CROSS_1W,0.3786550249731011
XRP,V3,3,open,1.906256146675132
XRP,V3,3,high,1.6420378423956041
XRP,V3,3,low,1.3218207025968178
XRP,V3,3,close,1.9553095336636164
XRP,V3,3,volume,2.998262823184229
XRP,V3,3,RET_1D,7.185481516428743
XRP,V3,3,RET_5D,4.533447789608098
XRP,V3,3,RET_20D,2.6099088601939675
XRP,V3,3,TECH_RSI14,4.167572138130757
XRP,V3,3,TECH_RSI30,3.5705883449334137
XRP,V3,3,TECH_MACD,2.3247664083304094
XRP,V3,3,TECH_MACD_SIG,2.2792854160554463
XRP,V3,3,TECH_MA5R,4.895614486807257
XRP,V3,3,TECH_MA20R,2.4095404825135085
XRP,V3,3,TECH_MA50R,2.458148785025
XRP,V3,3,VOL_ATR14,2.204208122178438
XRP,V3,3,BAND_BB_W,3.7814677864136237
XRP,V3,3,BAND_KC_W,2.669672913024162
XRP,V3,3,PX_OBV,4.611216532659529
XRP,V3,3,VOL_Z20,5.20930025433147
XRP,V3,3,DERIV_OI_D1,3.1856683380065562
XRP,V3,3,DERIV_OI_PCT1,4.2638751326455395
XRP,V3,3,DERIV_FUND_Z7,5.46711928389217
XRP,V3,3,DERIV_LSR_D1,0.0
XRP,V3,3,FLOW_LIQ_NET,3.0532909078690667
XRP,V3,3,FLOW_LIQ_ABS,3.5139953265001553
XRP,V3,3,FLOW_TAKER_IMB,0.0
XRP,V3,3,EXBAL_PCT_1D,0.0
XRP,V3,3,SENT_FEAR,3.845601348013811
XRP,V3,3,SENT_D_FEAR,3.9431624697116443
XRP,V3,3,WEEK_RET_1W,3.469550659282353
XRP,V3,3,WEEK_RSI_1W,4.138778696677598
XRP,V3,3,WEEK_MA_CROSS_1W,0.3850509522519001
XRP,V4,1,open,0.02836601994931698
XRP,V4,1,high,0.030427267774939537
XRP,V4,1,low,0.026868537068367004
XRP,V4,1,close,0.041302040219306946
XRP,V4,1,volume,0.023507431149482727
XRP,V4,1,RET_1D,0.04434847831726074
XRP,V4,1,RET_5D,0.02713959477841854
XRP,V4,1,RET_20D,0.026645591482520103
XRP,V4,1,TECH_RSI14,0.020471442490816116
XRP,V4,1,TECH_RSI30,0.028068363666534424
XRP,V4,1,TECH_MACD,0.061414483934640884
XRP,V4,1,TECH_MACD_SIG,0.02516663260757923
XRP,V4,1,TECH_MA5R,0.030401669442653656
XRP,V4,1,TECH_MA20R,0.024095958098769188
XRP,V4,1,TECH_MA50R,0.04446227476000786
XRP,V4,1,VOL_ATR14,0.03371397405862808
XRP,V4,1,BAND_BB_W,0.035877637565135956
XRP,V4,1,BAND_KC_W,0.04108022153377533
XRP,V4,1,PX_OBV,0.056983426213264465
XRP,V4,1,VOL_Z20,0.027299178764224052
XRP,V4,1,DERIV_OI_D1,0.035838618874549866
XRP,V4,1,DERIV_OI_PCT1,0.026485638692975044
XRP,V4,1,DERIV_FUND_Z7,0.027036210522055626
XRP,V4,1,DERIV_LSR_D1,0.0
XRP,V4,1,FLOW_LIQ_NET,0.037486687302589417
XRP,V4,1,FLOW_LIQ_ABS,0.026923421770334244
XRP,V4,1,FLOW_TAKER_IMB,0.0
XRP,V4,1,EXBAL_PCT_1D,0.04149555787444115
XRP,V4,1,SENT_FEAR,0.03026457317173481
XRP,V4,1,SENT_D_FEAR,0.040736399590969086
XRP,V4,1,WEEK_RET_1W,0.030030153691768646
XRP,V4,1,WEEK_RSI_1W,0.022681932896375656
XRP,V4,1,WEEK_MA_CROSS_1W,0.003380573121830821
XRP,V4,2,open,0.03441333770751953
XRP,V4,2,high,0.02762722782790661
XRP,V4,2,low,0.030394159257411957
XRP,V4,2,close,0.029448127374053
XRP,V4,2,volume,0.03946313634514809
XRP,V4,2,RET_1D,0.03623202443122864
XRP,V4,2,RET_5D,0.038161929696798325
XRP,V4,2,RET_20D,0.03355816379189491
XRP,V4,2,TECH_RSI14,0.02932680770754814
XRP,V4,2,TECH_RSI30,0.03691289573907852
XRP,V4,2,TECH_MACD,0.037179384380578995
XRP,V4,2,TECH_MACD_SIG,0.03087686374783516
XRP,V4,2,TECH_MA5R,0.03001359850168228
XRP,V4,2,TECH_MA20R,0.02927083894610405
XRP,V4,2,TECH_MA50R,0.049975208938121796
XRP,V4,2,VOL_ATR14,0.026851056143641472
XRP,V4,2,BAND_BB_W,0.0456218346953392
XRP,V4,2,BAND_KC_W,0.02787994034588337
XRP,V4,2,PX_OBV,0.04119662940502167
XRP,V4,2,VOL_Z20,0.02674875408411026
XRP,V4,2,DERIV_OI_D1,0.028629127889871597
XRP,V4,2,DERIV_OI_PCT1,0.030648568645119667
XRP,V4,2,DERIV_FUND_Z7,0.03429829701781273
XRP,V4,2,DERIV_LSR_D1,0.0
XRP,V4,2,FLOW_LIQ_NET,0.03802591934800148
XRP,V4,2,FLOW_LIQ_ABS,0.029317786917090416
XRP,V4,2,FLOW_TAKER_IMB,0.0
XRP,V4,2,EXBAL_PCT_1D,0.02883714810013771
XRP,V4,2,SENT_FEAR,0.029276439920067787
XRP,V4,2,SENT_D_FEAR,0.02972254529595375
XRP,V4,2,WEEK_RET_1W,0.0314813069999218
XRP,V4,2,WEEK_RSI_1W,0.027339177206158638
XRP,V4,2,WEEK_MA_CROSS_1W,0.011271815747022629
DOGE,V1,1,open,0.037393148988485336
DOGE,V1,1,high,0.03553012013435364
DOGE,V1,1,low,0.03427368775010109
DOGE,V1,1,close,0.03486424684524536
DOGE,V1,1,volume,0.033526044338941574
DOGE,V1,1,RET_1D,0.04168928787112236
DOGE,V1,1,RET_5D,0.03694683685898781
DOGE,V1,1,RET_20D,0.03809058293700218
DOGE,V1,1,TECH_RSI14,0.03814675286412239
DOGE,V1,1,TECH_RSI30,0.03131627291440964
DOGE,V1,1,TECH_MACD,0.03392438963055611
DOGE,V1,1,TECH_MACD_SIG,0.031582873314619064
DOGE,V1,1,TECH_MA5R,0.03928246721625328
DOGE,V1,1,TECH_MA20R,0.041735194623470306
DOGE,V1,1,TECH_MA50R,0.04009431600570679
DOGE,V1,1,VOL_ATR14,0.03426848724484444
DOGE,V1,1,BAND_BB_W,0.03533362224698067
DOGE,V1,1,BAND_KC_W,0.03604883328080177
DOGE,V1,1,PX_OBV,0.04221712797880173
DOGE,V1,1,VOL_Z20,0.03257843106985092
DOGE,V1,1,DERIV_OI_D1,0.03424757346510887
DOGE,V1,1,DERIV_OI_PCT1,0.03982505574822426
DOGE,V1,1,DERIV_FUND_Z7,0.04110226035118103
DOGE,V1,1,DERIV_LSR_D1,0.0
DOGE,V1,1,FLOW_LIQ_NET,0.0
DOGE,V1,1,FLOW_LIQ_ABS,0.0
DOGE,V1,1,FLOW_TAKER_IMB,0.0
DOGE,V1,1,EXBAL_PCT_1D,0.0
DOGE,V1,1,SENT_FEAR,0.040961116552352905
DOGE,V1,1,SENT_D_FEAR,0.039294976741075516
DOGE,V1,1,WEEK_RET_1W,0.03709220513701439
DOGE,V1,1,WEEK_RSI_1W,0.030596254393458366
DOGE,V1,1,WEEK_MA_CROSS_1W,0.008037860505282879
DOGE,V1,2,open,0.034858014434576035
DOGE,V1,2,high,0.03546443581581116
DOGE,V1,2,low,0.03796785697340965
DOGE,V1,2,close,0.04204355180263519
DOGE,V1,2,volume,0.03162473067641258
DOGE,V1,2,RET_1D,0.0376117005944252
DOGE,V1,2,RET_5D,0.03507819026708603
DOGE,V1,2,RET_20D,0.03383408486843109
DOGE,V1,2,TECH_RSI14,0.031982582062482834
DOGE,V1,2,TECH_RSI30,0.03210063278675079
DOGE,V1,2,TECH_MACD,0.032909899950027466
DOGE,V1,2,TECH_MACD_SIG,0.027670934796333313
DOGE,V1,2,TECH_MA5R,0.03088768944144249
DOGE,V1,2,TECH_MA20R,0.03659581020474434
DOGE,V1,2,TECH_MA50R,0.033817507326602936
DOGE,V1,2,VOL_ATR14,0.0330967977643013
DOGE,V1,2,BAND_BB_W,0.03409064933657646
DOGE,V1,2,BAND_KC_W,0.031006144359707832
DOGE,V1,2,PX_OBV,0.03753732144832611
DOGE,V1,2,VOL_Z20,0.033956047147512436
DOGE,V1,2,DERIV_OI_D1,0.03198167681694031
DOGE,V1,2,DERIV_OI_PCT1,0.0365382544696331
DOGE,V1,2,DERIV_FUND_Z7,0.03167128562927246
DOGE,V1,2,DERIV_LSR_D1,0.0
DOGE,V1,2,FLOW_LIQ_NET,0.030285196378827095
DOGE,V1,2,FLOW_LIQ_ABS,0.03023558296263218
DOGE,V1,2,FLOW_TAKER_IMB,0.0
DOGE,V1,2,EXBAL_PCT_1D,0.0
DOGE,V1,2,SENT_FEAR,0.03285103291273117
DOGE,V1,2,SENT_D_FEAR,0.03228042647242546
DOGE,V1,2,WEEK_RET_1W,0.03558880090713501
DOGE,V1,2,WEEK_RSI_1W,0.032663993537425995
DOGE,V1,2,WEEK_MA_CROSS_1W,0.021769201382994652
DOGE,V1,3,open,0.03215619549155235
DOGE,V1,3,high,0.03486619517207146
DOGE,V1,3,low,0.03781120106577873
DOGE,V1,3,close,0.033249277621507645
DOGE,V1,3,volume,0.027633950114250183
DOGE,V1,3,RET_1D,0.037659380584955215
DOGE,V1,3,RET_5D,0.03544103354215622
DOGE,V1,3,RET_20D,0.030961045995354652
DOGE,V1,3,TECH_RSI14,0.031742535531520844
DOGE,V1,3,TECH_RSI30,0.03640619292855263
DOGE,V1,3,TECH_MACD,0.03196988254785538
DOGE,V1,3,TECH_MACD_SIG,0.030835704877972603
DOGE,V1,3,TECH_MA5R,0.03236193209886551
DOGE,V1,3,TECH_MA20R,0.03399033099412918
DOGE,V1,3,TECH_MA50R,0.034647174179553986
DOGE,V1,3,VOL_ATR14,0.03200641646981239
DOGE,V1,3,BAND_BB_W,0.0313323549926281
DOGE,V1,3,BAND_KC_W,0.03321832790970802
DOGE,V1,3,PX_OBV,0.032241091132164
DOGE,V1,3,VOL_Z20,0.03505079448223114
DOGE,V1,3,DERIV_OI_D1,0.033096928149461746
DOGE,V1,3,DERIV_OI_PCT1,0.0407850407063961
DOGE,V1,3,DERIV_FUND_Z7,0.03237106278538704
DOGE,V1,3,DERIV_LSR_D1,0.0
DOGE,V1,3,FLOW_LIQ_NET,0.03168516233563423
DOGE,V1,3,FLOW_LIQ_ABS,0.03388674929738045
DOGE,V1,3,FLOW_TAKER_IMB,0.0
DOGE,V1,3,EXBAL_PCT_1D,0.0
DOGE,V1,3,SENT_FEAR,0.032480381429195404
DOGE,V1,3,SENT_D_FEAR,0.03174024447798729
DOGE,V1,3,WEEK_RET_1W,0.03523408621549606
DOGE,V1,3,WEEK_RSI_1W,0.030507361516356468
DOGE,V1,3,WEEK_MA_CROSS_1W,0.03263198956847191
DOGE,V2,1,open,0.028859538957476616
DOGE,V2,1,high,0.032860029488801956
DOGE,V2,1,low,0.044413816183805466
DOGE,V2,1,close,0.03804198279976845
DOGE,V2,1,volume,0.028221335262060165
DOGE,V2,1,RET_1D,0.04038001224398613
DOGE,V2,1,RET_5D,0.03388606756925583
DOGE,V2,1,RET_20D,0.03196216747164726
DOGE,V2,1,TECH_RSI14,0.03459245339035988
DOGE,V2,1,TECH_RSI30,0.03045520931482315
DOGE,V2,1,TECH_MACD,0.03071381337940693
DOGE,V2,1,TECH_MACD_SIG,0.030036218464374542
DOGE,V2,1,TECH_MA5R,0.035863813012838364
DOGE,V2,1,TECH_MA20R,0.03364340588450432
DOGE,V2,1,TECH_MA50R,0.027569260448217392
DOGE,V2,1,VOL_ATR14,0.03504108265042305
DOGE,V2,1,BAND_BB_W,0.028017941862344742
DOGE,V2,1,BAND_KC_W,0.03716838359832764
DOGE,V2,1,PX_OBV,0.04207822307944298
DOGE,V2,1,VOL_Z20,0.03051484376192093
DOGE,V2,1,DERIV_OI_D1,0.03253079950809479
DOGE,V2,1,DERIV_OI_PCT1,0.02987978421151638
DOGE,V2,1,DERIV_FUND_Z7,0.03080160729587078
DOGE,V2,1,DERIV_LSR_D1,0.0
DOGE,V2,1,FLOW_LIQ_NET,0.03433162719011307
DOGE,V2,1,FLOW_LIQ_ABS,0.028600430116057396
DOGE,V2,1,FLOW_TAKER_IMB,0.0
DOGE,V2,1,EXBAL_PCT_1D,0.0
DOGE,V2,1,SENT_FEAR,0.02820408158004284
DOGE,V2,1,SENT_D_FEAR,0.03264636918902397
DOGE,V2,1,WEEK_RET_1W,0.03882420435547829
DOGE,V2,1,WEEK_RSI_1W,0.031236723065376282
DOGE,V2,1,WEEK_MA_CROSS_1W,0.03862481564283371
DOGE,V2,2,open,0.03238334879279137
DOGE,V2,2,high,0.03755265846848488
DOGE,V2,2,low,0.035703644156455994
DOGE,V2,2,close,0.03410396724939346
DOGE,V2,2,volume,0.03142550587654114
DOGE,V2,2,RET_1D,0.036567747592926025
DOGE,V2,2,RET_5D,0.030080001801252365
DOGE,V2,2,RET_20D,0.030281590297818184
DOGE,V2,2,TECH_RSI14,0.034850019961595535
DOGE,V2,2,TECH_RSI30,0.034096162766218185
DOGE,V2,2,TECH_MACD,0.030554374679923058
DOGE,V2,2,TECH_MACD_SIG,0.02909613773226738
DOGE,V2,2,TECH_MA5R,0.032553523778915405
DOGE,V2,2,TECH_MA20R,0.03569755703210831
DOGE,V2,2,TECH_MA50R,0.031410522758960724
DOGE,V2,2,VOL_ATR14,0.030196014791727066
DOGE,V2,2,BAND_BB_W,0.026265932247042656
DOGE,V2,2,BAND_KC_W,0.03932371363043785
DOGE,V2,2,PX_OBV,0.03497033938765526
DOGE,V2,2,VOL_Z20,0.03507603332400322
DOGE,V2,2,DERIV_OI_D1,0.036062777042388916
DOGE,V2,2,DERIV_OI_PCT1,0.03694725036621094
DOGE,V2,2,DERIV_FUND_Z7,0.03353916481137276
DOGE,V2,2,DERIV_LSR_D1,0.0
DOGE,V2,2,FLOW_LIQ_NET,0.03307288512587547
DOGE,V2,2,FLOW_LIQ_ABS,0.03365447744727135
DOGE,V2,2,FLOW_TAKER_IMB,0.0
DOGE,V2,2,EXBAL_PCT_1D,0.0
DOGE,V2,2,SENT_FEAR,0.026792850345373154
DOGE,V2,2,SENT_D_FEAR,0.03318914771080017
DOGE,V2,2,WEEK_RET_1W,0.03336254507303238
DOGE,V2,2,WEEK_RSI_1W,0.036094628274440765
DOGE,V2,2,WEEK_MA_CROSS_1W,0.0350954644382
DOGE,V2,3,open,0.03025699034333229
DOGE,V2,3,high,0.030963454395532608
DOGE,V2,3,low,0.04115656763315201
DOGE,V2,3,close,0.040461957454681396
DOGE,V2,3,volume,0.02755931206047535
DOGE,V2,3,RET_1D,0.038763098418712616
DOGE,V2,3,RET_5D,0.03309747576713562
DOGE,V2,3,RET_20D,0.032590292394161224
DOGE,V2,3,TECH_RSI14,0.03311172500252724
DOGE,V2,3,TECH_RSI30,0.03535257652401924
DOGE,V2,3,TECH_MACD,0.03275323286652565
DOGE,V2,3,TECH_MACD_SIG,0.032957177609205246
DOGE,V2,3,TECH_MA5R,0.03241089731454849
DOGE,V2,3,TECH_MA20R,0.03285198286175728
DOGE,V2,3,TECH_MA50R,0.03109326958656311
DOGE,V2,3,VOL_ATR14,0.031987693160772324
DOGE,V2,3,BAND_BB_W,0.030054809525609016
DOGE,V2,3,BAND_KC_W,0.03373461961746216
DOGE,V2,3,PX_OBV,0.03344310447573662
DOGE,V2,3,VOL_Z20,0.03374246135354042
DOGE,V2,3,DERIV_OI_D1,0.03294292092323303
DOGE,V2,3,DERIV_OI_PCT1,0.03864854574203491
DOGE,V2,3,DERIV_FUND_Z7,0.03163200616836548
DOGE,V2,3,DERIV_LSR_D1,0.0
DOGE,V2,3,FLOW_LIQ_NET,0.035322561860084534
DOGE,V2,3,FLOW_LIQ_ABS,0.035711318254470825
DOGE,V2,3,FLOW_TAKER_IMB,0.0
DOGE,V2,3,EXBAL_PCT_1D,0.0
DOGE,V2,3,SENT_FEAR,0.031822580844163895
DOGE,V2,3,SENT_D_FEAR,0.03308917582035065
DOGE,V2,3,WEEK_RET_1W,0.03380303084850311
DOGE,V2,3,WEEK_RSI_1W,0.03468908742070198
DOGE,V2,3,WEEK_MA_CROSS_1W,0.02399609051644802
DOGE,V3,1,open,0.028859538957476616
DOGE,V3,1,high,0.032860029488801956
DOGE,V3,1,low,0.044413816183805466
DOGE,V3,1,close,0.03804198279976845
DOGE,V3,1,volume,0.028221335262060165
DOGE,V3,1,RET_1D,0.04038001224398613
DOGE,V3,1,RET_5D,0.03388606756925583
DOGE,V3,1,RET_20D,0.03196216747164726
DOGE,V3,1,TECH_RSI14,0.03459245339035988
DOGE,V3,1,TECH_RSI30,0.03045520931482315
DOGE,V3,1,TECH_MACD,0.03071381337940693
DOGE,V3,1,TECH_MACD_SIG,0.030036218464374542
DOGE,V3,1,TECH_MA5R,0.035863813012838364
DOGE,V3,1,TECH_MA20R,0.03364340588450432
DOGE,V3,1,TECH_MA50R,0.027569260448217392
DOGE,V3,1,VOL_ATR14,0.03504108265042305
DOGE,V3,1,BAND_BB_W,0.028017941862344742
DOGE,V3,1,BAND_KC_W,0.03716838359832764
DOGE,V3,1,PX_OBV,0.04207822307944298
DOGE,V3,1,VOL_Z20,0.03051484376192093
DOGE,V3,1,DERIV_OI_D1,0.03253079950809479
DOGE,V3,1,DERIV_OI_PCT1,0.02987978421151638
DOGE,V3,1,DERIV_FUND_Z7,0.03080160729587078
DOGE,V3,1,DERIV_LSR_D1,0.0
DOGE,V3,1,FLOW_LIQ_NET,0.03433162719011307
DOGE,V3,1,FLOW_LIQ_ABS,0.028600430116057396
DOGE,V3,1,FLOW_TAKER_IMB,0.0
DOGE,V3,1,EXBAL_PCT_1D,0.0
DOGE,V3,1,SENT_FEAR,0.02820408158004284
DOGE,V3,1,SENT_D_FEAR,0.03264636918902397
DOGE,V3,1,WEEK_RET_1W,0.03882420435547829
DOGE,V3,1,WEEK_RSI_1W,0.031236723065376282
DOGE,V3,1,WEEK_MA_CROSS_1W,0.03862481564283371
DOGE,V3,2,open,0.03238334879279137
DOGE,V3,2,high,0.03755265846848488
DOGE,V3,2,low,0.035703644156455994
DOGE,V3,2,close,0.03410396724939346
DOGE,V3,2,volume,0.03142550587654114
DOGE,V3,2,RET_1D,0.036567747592926025
DOGE,V3,2,RET_5D,0.030080001801252365
DOGE,V3,2,RET_20D,0.030281590297818184
DOGE,V3,2,TECH_RSI14,0.034850019961595535
DOGE,V3,2,TECH_RSI30,0.034096162766218185
DOGE,V3,2,TECH_MACD,0.030554374679923058
DOGE,V3,2,TECH_MACD_SIG,0.02909613773226738
DOGE,V3,2,TECH_MA5R,0.032553523778915405
DOGE,V3,2,TECH_MA20R,0.03569755703210831
DOGE,V3,2,TECH_MA50R,0.031410522758960724
DOGE,V3,2,VOL_ATR14,0.030196014791727066
DOGE,V3,2,BAND_BB_W,0.026265932247042656
DOGE,V3,2,BAND_KC_W,0.03932371363043785
DOGE,V3,2,PX_OBV,0.03497033938765526
DOGE,V3,2,VOL_Z20,0.03507603332400322
DOGE,V3,2,DERIV_OI_D1,0.036062777042388916
DOGE,V3,2,DERIV_OI_PCT1,0.03694725036621094
DOGE,V3,2,DERIV_FUND_Z7,0.03353916481137276
DOGE,V3,2,DERIV_LSR_D1,0.0
DOGE,V3,2,FLOW_LIQ_NET,0.03307288512587547
DOGE,V3,2,FLOW_LIQ_ABS,0.03365447744727135
DOGE,V3,2,FLOW_TAKER_IMB,0.0
DOGE,V3,2,EXBAL_PCT_1D,0.0
DOGE,V3,2,SENT_FEAR,0.026792850345373154
DOGE,V3,2,SENT_D_FEAR,0.03318914771080017
DOGE,V3,2,WEEK_RET_1W,0.03336254507303238
DOGE,V3,2,WEEK_RSI_1W,0.036094628274440765
DOGE,V3,2,WEEK_MA_CROSS_1W,0.0350954644382
DOGE,V3,3,open,0.03025699034333229
DOGE,V3,3,high,0.030963454395532608
DOGE,V3,3,low,0.04115656763315201
DOGE,V3,3,close,0.040461957454681396
DOGE,V3,3,volume,0.02755931206047535
DOGE,V3,3,RET_1D,0.038763098418712616
DOGE,V3,3,RET_5D,0.03309747576713562
DOGE,V3,3,RET_20D,0.032590292394161224
DOGE,V3,3,TECH_RSI14,0.03311172500252724
DOGE,V3,3,TECH_RSI30,0.03535257652401924
DOGE,V3,3,TECH_MACD,0.03275323286652565
DOGE,V3,3,TECH_MACD_SIG,0.032957177609205246
DOGE,V3,3,TECH_MA5R,0.03241089731454849
DOGE,V3,3,TECH_MA20R,0.03285198286175728
DOGE,V3,3,TECH_MA50R,0.03109326958656311
DOGE,V3,3,VOL_ATR14,0.031987693160772324
DOGE,V3,3,BAND_BB_W,0.030054809525609016
DOGE,V3,3,BAND_KC_W,0.03373461961746216
DOGE,V3,3,PX_OBV,0.03344310447573662
DOGE,V3,3,VOL_Z20,0.03374246135354042
DOGE,V3,3,DERIV_OI_D1,0.03294292092323303
DOGE,V3,3,DERIV_OI_PCT1,0.03864854574203491
DOGE,V3,3,DERIV_FUND_Z7,0.03163200616836548
DOGE,V3,3,DERIV_LSR_D1,0.0
DOGE,V3,3,FLOW_LIQ_NET,0.035322561860084534
DOGE,V3,3,FLOW_LIQ_ABS,0.035711318254470825
DOGE,V3,3,FLOW_TAKER_IMB,0.0
DOGE,V3,3,EXBAL_PCT_1D,0.0
DOGE,V3,3,SENT_FEAR,0.031822580844163895
DOGE,V3,3,SENT_D_FEAR,0.03308917582035065
DOGE,V3,3,WEEK_RET_1W,0.03380303084850311
DOGE,V3,3,WEEK_RSI_1W,0.03468908742070198
DOGE,V3,3,WEEK_MA_CROSS_1W,0.02399609051644802
SOL,V1,1,open,0.03425522893667221
SOL,V1,1,high,0.02513260953128338
SOL,V1,1,low,0.04489430785179138
SOL,V1,1,close,0.04035501927137375
SOL,V1,1,volume,0.027999205514788628
SOL,V1,1,RET_1D,0.02799595519900322
SOL,V1,1,RET_5D,0.03136024996638298
SOL,V1,1,RET_20D,0.03420974314212799
SOL,V1,1,TECH_RSI14,0.028855567798018456
SOL,V1,1,TECH_RSI30,0.03993506357073784
SOL,V1,1,TECH_MACD,0.03877012059092522
SOL,V1,1,TECH_MACD_SIG,0.03021877072751522
SOL,V1,1,TECH_MA5R,0.03181414678692818
SOL,V1,1,TECH_MA20R,0.03889402002096176
SOL,V1,1,TECH_MA50R,0.03270827606320381
SOL,V1,1,VOL_ATR14,0.02994179166853428
SOL,V1,1,BAND_BB_W,0.028124500066041946
SOL,V1,1,BAND_KC_W,0.033116791397333145
SOL,V1,1,PX_OBV,0.033449556678533554
SOL,V1,1,VOL_Z20,0.030682798475027084
SOL,V1,1,DERIV_OI_D1,0.03214215487241745
SOL,V1,1,DERIV_OI_PCT1,0.03931846469640732
SOL,V1,1,DERIV_FUND_Z7,0.0327766016125679
SOL,V1,1,DERIV_LSR_D1,0.0
SOL,V1,1,FLOW_LIQ_NET,0.036272935569286346
SOL,V1,1,FLOW_LIQ_ABS,0.04095682501792908
SOL,V1,1,FLOW_TAKER_IMB,0.0
SOL,V1,1,EXBAL_PCT_1D,0.0
SOL,V1,1,SENT_FEAR,0.03394465148448944
SOL,V1,1,SENT_D_FEAR,0.033740878105163574
SOL,V1,1,WEEK_RET_1W,0.03521890565752983
SOL,V1,1,WEEK_RSI_1W,0.032897453755140305
SOL,V1,1,WEEK_MA_CROSS_1W,0.020017389208078384
SOL,V1,2,open,0.028034379705786705
SOL,V1,2,high,0.03105226345360279
SOL,V1,2,low,0.029886309057474136
SOL,V1,2,close,0.03222734108567238
SOL,V1,2,volume,0.02860586903989315
SOL,V1,2,RET_1D,0.02803601510822773
SOL,V1,2,RET_5D,0.03193393722176552
SOL,V1,2,RET_20D,0.040614720433950424
SOL,V1,2,TECH_RSI14,0.031190065667033195
SOL,V1,2,TECH_RSI30,0.039261166006326675
SOL,V1,2,TECH_MACD,0.03031161054968834
SOL,V1,2,TECH_MACD_SIG,0.02907877042889595
SOL,V1,2,TECH_MA5R,0.03426939621567726
SOL,V1,2,TECH_MA20R,0.036683276295661926
SOL,V1,2,TECH_MA50R,0.03173425421118736
SOL,V1,2,VOL_ATR14,0.03188982978463173
SOL,V1,2,BAND_BB_W,0.033332813531160355
SOL,V1,2,BAND_KC_W,0.028304418548941612
SOL,V1,2,PX_OBV,0.03629247471690178
SOL,V1,2,VOL_Z20,0.03593684732913971
SOL,V1,2,DERIV_OI_D1,0.03108847886323929
SOL,V1,2,DERIV_OI_PCT1,0.036264702677726746
SOL,V1,2,DERIV_FUND_Z7,0.034756384789943695
SOL,V1,2,DERIV_LSR_D1,0.0
SOL,V1,2,FLOW_LIQ_NET,0.03641007840633392
SOL,V1,2,FLOW_LIQ_ABS,0.033387016505002975
SOL,V1,2,FLOW_TAKER_IMB,0.0
SOL,V1,2,EXBAL_PCT_1D,0.0
SOL,V1,2,SENT_FEAR,0.031576842069625854
SOL,V1,2,SENT_D_FEAR,0.03399156779050827
SOL,V1,2,WEEK_RET_1W,0.034065842628479004
SOL,V1,2,WEEK_RSI_1W,0.03540055826306343
SOL,V1,2,WEEK_MA_CROSS_1W,0.044382818043231964
SOL,V1,3,open,0.029918665066361427
SOL,V1,3,high,0.03477873653173447
SOL,V1,3,low,0.03351520374417305
SOL,V1,3,close,0.03426271304488182
SOL,V1,3,volume,0.03339501470327377
SOL,V1,3,RET_1D,0.03331397473812103
SOL,V1,3,RET_5D,0.03304611146450043
SOL,V1,3,RET_20D,0.03881978988647461
SOL,V1,3,TECH_RSI14,0.03437608852982521
SOL,V1,3,TECH_RSI30,0.03866599500179291
SOL,V1,3,TECH_MACD,0.033137548714876175
SOL,V1,3,TECH_MACD_SIG,0.030284110456705093
SOL,V1,3,TECH_MA5R,0.033695101737976074
SOL,V1,3,TECH_MA20R,0.030058138072490692
SOL,V1,3,TECH_MA50R,0.03307677060365677
SOL,V1,3,VOL_ATR14,0.032637692987918854
SOL,V1,3,BAND_BB_W,0.037393491715192795
SOL,V1,3,BAND_KC_W,0.03254782781004906
SOL,V1,3,PX_OBV,0.03245076537132263
SOL,V1,3,VOL_Z20,0.03482002019882202
SOL,V1,3,DERIV_OI_D1,0.028735678642988205
SOL,V1,3,DERIV_OI_PCT1,0.03430521488189697
SOL,V1,3,DERIV_FUND_Z7,0.032682642340660095
SOL,V1,3,DERIV_LSR_D1,0.0
SOL,V1,3,FLOW_LIQ_NET,0.03843819722533226
SOL,V1,3,FLOW_LIQ_ABS,0.03004206158220768
SOL,V1,3,FLOW_TAKER_IMB,0.0
SOL,V1,3,EXBAL_PCT_1D,0.0
SOL,V1,3,SENT_FEAR,0.03403288125991821
SOL,V1,3,SENT_D_FEAR,0.03123159520328045
SOL,V1,3,WEEK_RET_1W,0.030189862474799156
SOL,V1,3,WEEK_RSI_1W,0.03229210898280144
SOL,V1,3,WEEK_MA_CROSS_1W,0.03385603427886963
SOL,V2,1,open,0.0347919687628746
SOL,V2,1,high,0.03195666894316673
SOL,V2,1,low,0.04101813957095146
SOL,V2,1,close,0.04156644642353058
SOL,V2,1,volume,0.026881776750087738
SOL,V2,1,RET_1D,0.02789134904742241
SOL,V2,1,RET_5D,0.03423558175563812
SOL,V2,1,RET_20D,0.03491704538464546
SOL,V2,1,TECH_RSI14,0.029011303558945656
SOL,V2,1,TECH_RSI30,0.038122329860925674
SOL,V2,1,TECH_MACD,0.0351114347577095
SOL,V2,1,TECH_MACD_SIG,0.034953147172927856
SOL,V2,1,TECH_MA5R,0.029830701649188995
SOL,V2,1,TECH_MA20R,0.03426147624850273
SOL,V2,1,TECH_MA50R,0.028967231512069702
SOL,V2,1,VOL_ATR14,0.03407705947756767
SOL,V2,1,BAND_BB_W,0.033319104462862015
SOL,V2,1,BAND_KC_W,0.028511373326182365
SOL,V2,1,PX_OBV,0.03234047442674637
SOL,V2,1,VOL_Z20,0.03198818117380142
SOL,V2,1,DERIV_OI_D1,0.02967977710068226
SOL,V2,1,DERIV_OI_PCT1,0.03397519886493683
SOL,V2,1,DERIV_FUND_Z7,0.03178374096751213
SOL,V2,1,DERIV_LSR_D1,0.0
SOL,V2,1,FLOW_LIQ_NET,0.03397350385785103
SOL,V2,1,FLOW_LIQ_ABS,0.044638462364673615
SOL,V2,1,FLOW_TAKER_IMB,0.0
SOL,V2,1,EXBAL_PCT_1D,0.0
SOL,V2,1,SENT_FEAR,0.03371725603938103
SOL,V2,1,SENT_D_FEAR,0.03049197420477867
SOL,V2,1,WEEK_RET_1W,0.03782984986901283
SOL,V2,1,WEEK_RSI_1W,0.029495246708393097
SOL,V2,1,WEEK_MA_CROSS_1W,0.030662154778838158
SOL,V2,2,open,0.029041729867458344
SOL,V2,2,high,0.030212651938199997
SOL,V2,2,low,0.02925359643995762
SOL,V2,2,close,0.03220298886299133
SOL,V2,2,volume,0.028029492124915123
SOL,V2,2,RET_1D,0.02999201789498329
SOL,V2,2,RET_5D,0.0314401276409626
SOL,V2,2,RET_20D,0.03663594275712967
SOL,V2,2,TECH_RSI14,0.03176004812121391
SOL,V2,2,TECH_RSI30,0.04187550023198128
SOL,V2,2,TECH_MACD,0.03432861343026161
SOL,V2,2,TECH_MACD_SIG,0.029939066618680954
SOL,V2,2,TECH_MA5R,0.03067317046225071
SOL,V2,2,TECH_MA20R,0.03117278777062893
SOL,V2,2,TECH_MA50R,0.03310975432395935
SOL,V2,2,VOL_ATR14,0.03181249648332596
SOL,V2,2,BAND_BB_W,0.03348347917199135
SOL,V2,2,BAND_KC_W,0.03288966789841652
SOL,V2,2,PX_OBV,0.03453413397073746
SOL,V2,2,VOL_Z20,0.0349605567753315
SOL,V2,2,DERIV_OI_D1,0.031864795833826065
SOL,V2,2,DERIV_OI_PCT1,0.03733297064900398
SOL,V2,2,DERIV_FUND_Z7,0.0335220992565155
SOL,V2,2,DERIV_LSR_D1,0.0
SOL,V2,2,FLOW_LIQ_NET,0.03410126641392708
SOL,V2,2,FLOW_LIQ_ABS,0.033641934394836426
SOL,V2,2,FLOW_TAKER_IMB,0.0
SOL,V2,2,EXBAL_PCT_1D,0.0
SOL,V2,2,SENT_FEAR,0.03406010940670967
SOL,V2,2,SENT_D_FEAR,0.034194353967905045
SOL,V2,2,WEEK_RET_1W,0.034492041915655136
SOL,V2,2,WEEK_RSI_1W,0.03216061741113663
SOL,V2,2,WEEK_MA_CROSS_1W,0.047281984239816666
SOL,V2,3,open,0.029283573850989342
SOL,V2,3,high,0.0310444887727499
SOL,V2,3,low,0.033638305962085724
SOL,V2,3,close,0.037069883197546005
SOL,V2,3,volume,0.03101346455514431
SOL,V2,3,RET_1D,0.03157962113618851
SOL,V2,3,RET_5D,0.03353114426136017
SOL,V2,3,RET_20D,0.03830499202013016
SOL,V2,3,TECH_RSI14,0.035212501883506775
SOL,V2,3,TECH_RSI30,0.038287222385406494
SOL,V2,3,TECH_MACD,0.03145362436771393
SOL,V2,3,TECH_MACD_SIG,0.031027136370539665
SOL,V2,3,TECH_MA5R,0.033273667097091675
SOL,V2,3,TECH_MA20R,0.03583649545907974
SOL,V2,3,TECH_MA50R,0.03678944706916809
SOL,V2,3,VOL_ATR14,0.029790354892611504
SOL,V2,3,BAND_BB_W,0.040489550679922104
SOL,V2,3,BAND_KC_W,0.031611163169145584
SOL,V2,3,PX_OBV,0.03751859441399574
SOL,V2,3,VOL_Z20,0.034807197749614716
SOL,V2,3,DERIV_OI_D1,0.027663011103868484
SOL,V2,3,DERIV_OI_PCT1,0.03397355601191521
SOL,V2,3,DERIV_FUND_Z7,0.03458186239004135
SOL,V2,3,DERIV_LSR_D1,0.0
SOL,V2,3,FLOW_LIQ_NET,0.036903053522109985
SOL,V2,3,FLOW_LIQ_ABS,0.034436602145433426
SOL,V2,3,FLOW_TAKER_IMB,0.0
SOL,V2,3,EXBAL_PCT_1D,0.0
SOL,V2,3,SENT_FEAR,0.03310133516788483
SOL,V2,3,SENT_D_FEAR,0.0333808958530426
SOL,V2,3,WEEK_RET_1W,0.03031027689576149
SOL,V2,3,WEEK_RSI_1W,0.031275469809770584
SOL,V2,3,WEEK_MA_CROSS_1W,0.02281147614121437
SOL,V3,1,open,0.0347919687628746
SOL,V3,1,high,0.03195666894316673
SOL,V3,1,low,0.04101813957095146
SOL,V3,1,close,0.04156644642353058
SOL,V3,1,volume,0.026881776750087738
SOL,V3,1,RET_1D,0.02789134904742241
SOL,V3,1,RET_5D,0.03423558175563812
SOL,V3,1,RET_20D,0.03491704538464546
SOL,V3,1,TECH_RSI14,0.029011303558945656
SOL,V3,1,TECH_RSI30,0.038122329860925674
SOL,V3,1,TECH_MACD,0.0351114347577095
SOL,V3,1,TECH_MACD_SIG,0.034953147172927856
SOL,V3,1,TECH_MA5R,0.029830701649188995
SOL,V3,1,TECH_MA20R,0.03426147624850273
SOL,V3,1,TECH_MA50R,0.028967231512069702
SOL,V3,1,VOL_ATR14,0.03407705947756767
SOL,V3,1,BAND_BB_W,0.033319104462862015
SOL,V3,1,BAND_KC_W,0.028511373326182365
SOL,V3,1,PX_OBV,0.03234047442674637
SOL,V3,1,VOL_Z20,0.03198818117380142
SOL,V3,1,DERIV_OI_D1,0.02967977710068226
SOL,V3,1,DERIV_OI_PCT1,0.03397519886493683
SOL,V3,1,DERIV_FUND_Z7,0.03178374096751213
SOL,V3,1,DERIV_LSR_D1,0.0
SOL,V3,1,FLOW_LIQ_NET,0.03397350385785103
SOL,V3,1,FLOW_LIQ_ABS,0.044638462364673615
SOL,V3,1,FLOW_TAKER_IMB,0.0
SOL,V3,1,EXBAL_PCT_1D,0.0
SOL,V3,1,SENT_FEAR,0.03371725603938103
SOL,V3,1,SENT_D_FEAR,0.03049197420477867
SOL,V3,1,WEEK_RET_1W,0.03782984986901283
SOL,V3,1,WEEK_RSI_1W,0.029495246708393097
SOL,V3,1,WEEK_MA_CROSS_1W,0.030662154778838158
SOL,V3,2,open,0.029041729867458344
SOL,V3,2,high,0.030212651938199997
SOL,V3,2,low,0.02925359643995762
SOL,V3,2,close,0.03220298886299133
SOL,V3,2,volume,0.028029492124915123
SOL,V3,2,RET_1D,0.02999201789498329
SOL,V3,2,RET_5D,0.0314401276409626
SOL,V3,2,RET_20D,0.03663594275712967
SOL,V3,2,TECH_RSI14,0.03176004812121391
SOL,V3,2,TECH_RSI30,0.04187550023198128
SOL,V3,2,TECH_MACD,0.03432861343026161
SOL,V3,2,TECH_MACD_SIG,0.029939066618680954
SOL,V3,2,TECH_MA5R,0.03067317046225071
SOL,V3,2,TECH_MA20R,0.03117278777062893
SOL,V3,2,TECH_MA50R,0.03310975432395935
SOL,V3,2,VOL_ATR14,0.03181249648332596
SOL,V3,2,BAND_BB_W,0.03348347917199135
SOL,V3,2,BAND_KC_W,0.03288966789841652
SOL,V3,2,PX_OBV,0.03453413397073746
SOL,V3,2,VOL_Z20,0.0349605567753315
SOL,V3,2,DERIV_OI_D1,0.031864795833826065
SOL,V3,2,DERIV_OI_PCT1,0.03733297064900398
SOL,V3,2,DERIV_FUND_Z7,0.0335220992565155
SOL,V3,2,DERIV_LSR_D1,0.0
SOL,V3,2,FLOW_LIQ_NET,0.03410126641392708
SOL,V3,2,FLOW_LIQ_ABS,0.033641934394836426
SOL,V3,2,FLOW_TAKER_IMB,0.0
SOL,V3,2,EXBAL_PCT_1D,0.0
SOL,V3,2,SENT_FEAR,0.03406010940670967
SOL,V3,2,SENT_D_FEAR,0.034194353967905045
SOL,V3,2,WEEK_RET_1W,0.034492041915655136
SOL,V3,2,WEEK_RSI_1W,0.03216061741113663
SOL,V3,2,WEEK_MA_CROSS_1W,0.047281984239816666
SOL,V3,3,open,0.029283573850989342
SOL,V3,3,high,0.0310444887727499
SOL,V3,3,low,0.033638305962085724
SOL,V3,3,close,0.037069883197546005
SOL,V3,3,volume,0.03101346455514431
SOL,V3,3,RET_1D,0.03157962113618851
SOL,V3,3,RET_5D,0.03353114426136017
SOL,V3,3,RET_20D,0.03830499202013016
SOL,V3,3,TECH_RSI14,0.035212501883506775
SOL,V3,3,TECH_RSI30,0.038287222385406494
SOL,V3,3,TECH_MACD,0.03145362436771393
SOL,V3,3,TECH_MACD_SIG,0.031027136370539665
SOL,V3,3,TECH_MA5R,0.033273667097091675
SOL,V3,3,TECH_MA20R,0.03583649545907974
SOL,V3,3,TECH_MA50R,0.03678944706916809
SOL,V3,3,VOL_ATR14,0.029790354892611504
SOL,V3,3,BAND_BB_W,0.040489550679922104
SOL,V3,3,BAND_KC_W,0.031611163169145584
SOL,V3,3,PX_OBV,0.03751859441399574
SOL,V3,3,VOL_Z20,0.034807197749614716
SOL,V3,3,DERIV_OI_D1,0.027663011103868484
SOL,V3,3,DERIV_OI_PCT1,0.03397355601191521
SOL,V3,3,DERIV_FUND_Z7,0.03458186239004135
SOL,V3,3,DERIV_LSR_D1,0.0
SOL,V3,3,FLOW_LIQ_NET,0.036903053522109985
SOL,V3,3,FLOW_LIQ_ABS,0.034436602145433426
SOL,V3,3,FLOW_TAKER_IMB,0.0
SOL,V3,3,EXBAL_PCT_1D,0.0
SOL,V3,3,SENT_FEAR,0.03310133516788483
SOL,V3,3,SENT_D_FEAR,0.0333808958530426
SOL,V3,3,WEEK_RET_1W,0.03031027689576149
SOL,V3,3,WEEK_RSI_1W,0.031275469809770584
SOL,V3,3,WEEK_MA_CROSS_1W,0.02281147614121437
